Track,Artist,Kind,Album,Genre
Scar Tissue,Red Hot Chili Peppers,MPEG audio file,Californication,Rock
Emit Remmus,Red Hot Chili Peppers,MPEG audio file,Californication,Rock
Red Mosquito,Pearl Jam,MPEG audio file,Live On Two Legs [Live],Rock
Snowballed,AC/DC,MPEG audio file,For Those About To Rock We Salute You,Rock
Smoke On The Water,Deep Purple,MPEG audio file,Machine Head,Rock
Rag Doll,Aerosmith,MPEG audio file,Big Ones,Rock
Crackerman,Stone Temple Pilots,MPEG audio file,Core,Rock
Poeira,O Terço,MPEG audio file,Compositores,Rock
Superhuman,Velvet Revolver,MPEG audio file,Contraband,Rock
The Zephyr Song,Red Hot Chili Peppers,MPEG audio file,By The Way,Rock
Plush,Stone Temple Pilots,MPEG audio file,Core,Rock
O Braço Da Minha Guitarra,O Terço,MPEG audio file,Compositores,Rock
Milk It,Nirvana,MPEG audio file,From The Muddy Banks Of The Wishkah [Live],Rock
Nothingman,Pearl Jam,MPEG audio file,Live On Two Legs [Live],Rock
"Whatever It Is, I Just Can't Stop",Jamiroquai,MPEG audio file,Emergency On Planet Earth,Rock
Solitaire,Deep Purple,MPEG audio file,The Battle Rages On,Rock
The Mule,Deep Purple,MPEG audio file,Fireball,Rock
Goin' Blind,Kiss,MPEG audio file,Unplugged [Live],Rock
Bushleager,Pearl Jam,MPEG audio file,Riot Act,Rock
The Unwritten Law,Deep Purple,MPEG audio file,Knocking at Your Back Door: The Best Of Deep Purple in the 80's,Rock
Zither,R.E.M.,MPEG audio file,New Adventures In Hi-Fi,Rock
Intro,The Rolling Stones,MPEG audio file,No Security,Rock
Take It As It Comes,The Doors,MPEG audio file,The Doors,Rock
Stand By My Woman,Lenny Kravitz,MPEG audio file,Greatest Hits,Rock
Humans Being,Van Halen,MPEG audio file,"The Best Of Van Halen, Vol. I",Rock
Save Me,Queen,MPEG audio file,Greatest Hits I,Rock
Under Pressure,Queen,MPEG audio file,Greatest Hits II,Rock
Like a Stone,Audioslave,MPEG audio file,Audioslave,Rock
Creep,Stone Temple Pilots,MPEG audio file,Core,Rock
Don't Cry (Original),Guns' Roses,Protected AAC audio file,Use Your Illusion I,Rock
Jingo,Santana,MPEG audio file,Santana - As Years Go By,Rock
Dazed And Confused,Led Zeppelin,MPEG audio file,BBC Sessions [Disc 2] [Live],Rock
"If I Like It, I Do It",Jamiroquai,MPEG audio file,Emergency On Planet Earth,Rock
Stairway To Heaven,Led Zeppelin,MPEG audio file,IV,Rock
Bonzo's Montreux,Led Zeppelin,MPEG audio file,Coda,Rock
Ela Desapareceu,Skank,MPEG audio file,Maquinarama,Rock
The Reincarnation of Benjamin Breeg,Iron Maiden,Protected AAC audio file,A Matter of Life and Death,Rock
Low Desert,R.E.M.,MPEG audio file,New Adventures In Hi-Fi,Rock
Black Dog,Led Zeppelin,MPEG audio file,IV,Rock
Set Me Free,Velvet Revolver,MPEG audio file,Contraband,Rock
Off He Goes,Pearl Jam,MPEG audio file,Live On Two Legs [Live],Rock
Dancing In The Street,Van Halen,MPEG audio file,Diver Down,Rock
Garota Nacional,Skank,MPEG audio file,O Samba Poconé,Rock
God Part II,U2,MPEG audio file,Rattle And Hum,Rock
Leash,Pearl Jam,MPEG audio file,Vs.,Rock
Prowler,Paul D'Ianno,MPEG audio file,The Beast Live,Rock
Dream Of Mirrors,Iron Maiden,MPEG audio file,Rock In Rio [CD2],Rock
See You,Foo Fighters,MPEG audio file,The Colour And The Shape,Rock
In Your Honor,Foo Fighters,MPEG audio file,In Your Honor [Disc 1],Rock
Time,Pink Floyd,MPEG audio file,Dark Side Of The Moon,Rock
Chaos-Control,"Terry Bozzio, Tony Levin & Steve Stevens",MPEG audio file,[1997] Black Light Syndrome,Rock
Going To California,Led Zeppelin,MPEG audio file,IV,Rock
The Song Remains The Same,Led Zeppelin,MPEG audio file,Houses Of The Holy,Rock
Anything Goes,Guns' Roses,Protected AAC audio file,Appetite for Destruction,Rock
"Hail, Hail",Pearl Jam,MPEG audio file,Live On Two Legs [Live],Rock
Beth,Kiss,MPEG audio file,Greatest Kiss,Rock
Lady Luck,Deep Purple,MPEG audio file,Come Taste The Band,Rock
Sparks Will Fly,The Rolling Stones,MPEG audio file,Voodoo Lounge,Rock
Ain't Talkin' 'Bout Love,Van Halen,MPEG audio file,Van Halen,Rock
February Stars,Foo Fighters,MPEG audio file,The Colour And The Shape,Rock
Crumbs From Your Table,U2,MPEG audio file,How To Dismantle An Atomic Bomb,Rock
Like A Song...,U2,MPEG audio file,War,Rock
Action,Def Leppard,MPEG audio file,Vault: Def Leppard's Greatest Hits,Rock
You Oughta Know (Alternate),Alanis Morissette,MPEG audio file,Jagged Little Pill,Rock
When Love Comes To Town,U2,MPEG audio file,Rattle And Hum,Rock
Sunday Bloody Sunday,U2,MPEG audio file,War,Rock
The Crystal Ship,The Doors,MPEG audio file,The Doors,Rock
Breakthru,Queen,MPEG audio file,Greatest Hits II,Rock
Dream Of Mirrors,Iron Maiden,MPEG audio file,Brave New World,Rock
Africa Bamba,Santana,MPEG audio file,Supernatural,Rock
Wasting Love,Iron Maiden,MPEG audio file,Live At Donington 1992 (Disc 1),Rock
Down On The Corner,Creedence Clearwater Revival,MPEG audio file,"Chronicle, Vol. 1",Rock
Who Needs You,Queen,MPEG audio file,News Of The World,Rock
Love In An Elevator,Aerosmith,MPEG audio file,Big Ones,Rock
Ain't Talkin' 'bout Love,Van Halen,MPEG audio file,"The Best Of Van Halen, Vol. I",Rock
The Garden,Guns' Roses,Protected AAC audio file,Use Your Illusion I,Rock
Hawkmoon 269,U2,MPEG audio file,Rattle And Hum,Rock
Bad Boy Boogie,AC/DC,MPEG audio file,Let There Be Rock,Rock
Since I've Been Loving You,Led Zeppelin,MPEG audio file,Led Zeppelin III,Rock
I Could Die For You,Red Hot Chili Peppers,MPEG audio file,By The Way,Rock
It Ain't Like That,Alice In Chains,MPEG audio file,Facelift,Rock
We're Gonna Groove,Led Zeppelin,MPEG audio file,Coda,Rock
Stormbringer,Deep Purple,MPEG audio file,MK III The Final Concerts [Disc 1],Rock
I Can't Quit You Baby,Led Zeppelin,MPEG audio file,Coda,Rock
The Battle Of Evermore,Led Zeppelin,MPEG audio file,IV,Rock
My Poor Brain,Foo Fighters,MPEG audio file,The Colour And The Shape,Rock
Night Time Is The Right Time,Creedence Clearwater Revival,MPEG audio file,"Chronicle, Vol. 2",Rock
Love Comes,The Posies,AAC audio file,Every Kind of Light,Rock
Menino De Rua,O Terço,MPEG audio file,Compositores,Rock
Jeremy,Pearl Jam,MPEG audio file,Ten,Rock
Hallowed Be Thy Name (Live) [Non Album Bonus Track],Iron Maiden,Protected AAC audio file,A Matter of Life and Death,Rock
Yahweh,U2,MPEG audio file,How To Dismantle An Atomic Bomb,Rock
Foxy Lady,Jimi Hendrix,MPEG audio file,Are You Experienced?,Rock
November Rain,Guns' Roses,Protected AAC audio file,Use Your Illusion I,Rock
Wet My Bed,Stone Temple Pilots,MPEG audio file,Core,Rock
Kite,U2,MPEG audio file,All That You Can't Leave Behind,Rock
Eruption,Van Halen,MPEG audio file,Van Halen,Rock
Love And Peace Or Else,U2,MPEG audio file,How To Dismantle An Atomic Bomb,Rock
The Worst,The Rolling Stones,MPEG audio file,Voodoo Lounge,Rock
Most High,Page & Plant,MPEG audio file,Walking Into Clarksdale,Rock
Forgiven,Alanis Morissette,MPEG audio file,Jagged Little Pill,Rock
Angel,Aerosmith,MPEG audio file,Big Ones,Rock
Out Of Tears,The Rolling Stones,MPEG audio file,Voodoo Lounge,Rock
Good Old-Fashioned Lover Boy,Queen,MPEG audio file,Greatest Hits I,Rock
Cryin',Aerosmith,MPEG audio file,Big Ones,Rock
Inject The Venom,AC/DC,MPEG audio file,For Those About To Rock We Salute You,Rock
Angel Of Harlem,U2,MPEG audio file,The Best Of 1980-1990,Rock
On The Mend,Foo Fighters,MPEG audio file,In Your Honor [Disc 2],Rock
Lavender,Marillion,MPEG audio file,Misplaced Childhood,Rock
Sure Know Something,Kiss,MPEG audio file,Unplugged [Live],Rock
Bastille Day,Rush,MPEG audio file,Retrospective I (1974-1980),Rock
Untitled,Pearl Jam,MPEG audio file,Live On Two Legs [Live],Rock
Get Off Of My Cloud,The Rolling Stones,MPEG audio file,"Hot Rocks, 1964-1971 (Disc 1)",Rock
Midnight,Joe Satriani,Protected AAC audio file,Surfing with the Alien (Remastered),Rock
Gasoline,Audioslave,MPEG audio file,Audioslave,Rock
Communication Breakdown,Led Zeppelin,MPEG audio file,BBC Sessions [Disc 1] [Live],Rock
Friends,Led Zeppelin,MPEG audio file,Led Zeppelin III,Rock
Resolve,Foo Fighters,MPEG audio file,In Your Honor [Disc 1],Rock
Black Hole Sun,Soundgarden,MPEG audio file,A-Sides,Rock
A Última Guerra,Skank,MPEG audio file,Maquinarama,Rock
Not The Doctor,Alanis Morissette,MPEG audio file,Jagged Little Pill,Rock
Hats Off To (Roy) Harper,Led Zeppelin,MPEG audio file,Led Zeppelin III,Rock
Evenflow,Pearl Jam,MPEG audio file,Ten,Rock
You Shook Me,Led Zeppelin,MPEG audio file,Led Zeppelin I,Rock
Without You,Van Halen,MPEG audio file,Van Halen III,Rock
Time Is On My Side,The Rolling Stones,MPEG audio file,"Hot Rocks, 1964-1971 (Disc 1)",Rock
The Legacy,Iron Maiden,Protected AAC audio file,A Matter of Life and Death,Rock
Out of the Shadows,Iron Maiden,Protected AAC audio file,A Matter of Life and Death,Rock
Sick Again,Led Zeppelin,MPEG audio file,Physical Graffiti [Disc 2],Rock
2 Minutes To Midnight,Iron Maiden,MPEG audio file,Live At Donington 1992 (Disc 2),Rock
Sweetest Thing,U2,MPEG audio file,B-Sides 1980-1990,Rock
Heart In Your Hand,Page & Plant,MPEG audio file,Walking Into Clarksdale,Rock
Murders In The Rue Morgue,Paul D'Ianno,MPEG audio file,The Beast Live,Rock
Flip The Switch,The Rolling Stones,MPEG audio file,No Security,Rock
Be Mine,R.E.M.,MPEG audio file,New Adventures In Hi-Fi,Rock
Doll,Foo Fighters,MPEG audio file,The Colour And The Shape,Rock
La Villa Strangiato,Rush,MPEG audio file,Retrospective I (1974-1980),Rock
Dancing Days,Led Zeppelin,MPEG audio file,Houses Of The Holy,Rock
Shape The Sky,The Cult,MPEG audio file,Beyond Good And Evil,Rock
Muçulmano,Skank,MPEG audio file,Maquinarama,Rock
Alive,Pearl Jam,MPEG audio file,Ten,Rock
The Pilgrim,Iron Maiden,Protected AAC audio file,A Matter of Life and Death,Rock
Walter's Walk,Led Zeppelin,MPEG audio file,Coda,Rock
Ruby Tuesday,The Rolling Stones,MPEG audio file,"Hot Rocks, 1964-1971 (Disc 1)",Rock
Your Mirror,Lenny Kravitz,MPEG audio file,Greatest Hits,Rock
Overkill,Men At Work,MPEG audio file,The Best Of Men At Work,Rock
Tear,Red Hot Chili Peppers,MPEG audio file,By The Way,Rock
Anyone's Daughter,Deep Purple,MPEG audio file,Fireball,Rock
"2,000 Man",Kiss,MPEG audio file,Unplugged [Live],Rock
Overdose,AC/DC,MPEG audio file,Let There Be Rock,Rock
Aneurysm,Nirvana,MPEG audio file,From The Muddy Banks Of The Wishkah [Live],Rock
Can't Keep,Pearl Jam,MPEG audio file,Riot Act,Rock
Achilles Last Stand,Led Zeppelin,MPEG audio file,Presence,Rock
Your Time Is Gonna Come,Dread Zeppelin,Protected AAC audio file,Un-Led-Ed,Rock
Best Of You,Foo Fighters,MPEG audio file,In Your Honor [Disc 1],Rock
Fast As a Shark,Accept,Protected AAC audio file,Restless and Wild,Rock
Minor Thing,Red Hot Chili Peppers,MPEG audio file,By The Way,Rock
Back off Bitch,Guns' Roses,Protected AAC audio file,Use Your Illusion I,Rock
A Room At The Heartbreak Hotel,U2,MPEG audio file,B-Sides 1980-1990,Rock
Primavera,Santana,MPEG audio file,Supernatural,Rock
Lord of Light,Iron Maiden,Protected AAC audio file,A Matter of Life and Death,Rock
Século XXI,Raul Seixas,MPEG audio file,Raul Seixas,Rock
Put Your Lights On,Santana,MPEG audio file,Supernatural,Rock
1/2 Full,Pearl Jam,MPEG audio file,Riot Act,Rock
Fica,Skank,MPEG audio file,Maquinarama,Rock
Too Young To Die,Jamiroquai,MPEG audio file,Emergency On Planet Earth,Rock
The Aftermath,Iron Maiden,MPEG audio file,The X Factor,Rock
Weekend Warrior,Iron Maiden,MPEG audio file,Fear Of The Dark,Rock
The Aviator,Deep Purple,MPEG audio file,Purpendicular,Rock
Shadow on the Sun,Audioslave,MPEG audio file,Audioslave,Rock
Breaking The Rules,AC/DC,MPEG audio file,For Those About To Rock We Salute You,Rock
I am the Highway,Audioslave,MPEG audio file,Audioslave,Rock
Lady Double Dealer,Deep Purple,MPEG audio file,MK III The Final Concerts [Disc 1],Rock
Bark at the Moon,Ozzy Osbourne,Protected AAC audio file,Bark at the Moon (Remastered),Rock
Commotion,Creedence Clearwater Revival,MPEG audio file,"Chronicle, Vol. 1",Rock
Que Luz É Essa,Raul Seixas,MPEG audio file,Raul Seixas,Rock
Funky Piano,Santana,MPEG audio file,Santana Live,Rock
Mr. Brownstone,Guns' Roses,Protected AAC audio file,Appetite for Destruction,Rock
City Of Blinding Lights,U2,MPEG audio file,How To Dismantle An Atomic Bomb,Rock
Invisible Sun,The Police,MPEG audio file,The Police Greatest Hits,Rock
Três Lados,Skank,MPEG audio file,Maquinarama,Rock
Down By The Seaside,Led Zeppelin,MPEG audio file,Physical Graffiti [Disc 2],Rock
The First Time,U2,MPEG audio file,Zooropa,Rock
Sometimes I Feel Like Screaming,Deep Purple,MPEG audio file,Purpendicular,Rock
Migra,Santana,MPEG audio file,Supernatural,Rock
Cold Gin,Kiss,MPEG audio file,Greatest Kiss,Rock
Sweet Leaf,Ozzy Osbourne,Protected AAC audio file,Speak of the Devil,Rock
Elderly Woman Behind The Counter In A Small Town,Pearl Jam,MPEG audio file,Live On Two Legs [Live],Rock
Night Of The Long Knives,AC/DC,MPEG audio file,For Those About To Rock We Salute You,Rock
Smells Like Teen Spirit,Nirvana,MPEG audio file,Nevermind,Rock
Down Under,Men At Work,MPEG audio file,The Best Of Men At Work,Rock
Tea For One,Led Zeppelin,MPEG audio file,Presence,Rock
Spirit's in the Material World,The Police,MPEG audio file,The Police Greatest Hits,Rock
Folhas Secas,O Terço,MPEG audio file,Compositores,Rock
Um Dia Qualquer,Skank,MPEG audio file,O Samba Poconé,Rock
Dirty Little Thing,Velvet Revolver,MPEG audio file,Contraband,Rock
Revolution,The Cult,MPEG audio file,"Pure Cult: The Best Of The Cult (For Rockers, Ravers, Lovers & Sinners) [UK]",Rock
Lil' Evil,The Cult,MPEG audio file,"Pure Cult: The Best Of The Cult (For Rockers, Ravers, Lovers & Sinners) [UK]",Rock
I Belong To You,Lenny Kravitz,MPEG audio file,Greatest Hits,Rock
Year to the Day,Van Halen,MPEG audio file,Van Halen III,Rock
Seven Seas Of Rhye,Queen,MPEG audio file,Greatest Hits I,Rock
Fat Bottomed Girls,Queen,MPEG audio file,Greatest Hits I,Rock
Rock Bottom,Kiss,MPEG audio file,Unplugged [Live],Rock
Ice 9,Joe Satriani,Protected AAC audio file,Surfing with the Alien (Remastered),Rock
Miracle,Foo Fighters,MPEG audio file,In Your Honor [Disc 2],Rock
Roxanne,The Police,MPEG audio file,The Police Greatest Hits,Rock
Heartbreaker,Led Zeppelin,MPEG audio file,Led Zeppelin II,Rock
Comin' Home,Deep Purple,MPEG audio file,Come Taste The Band,Rock
The Day I Tried To Live,Soundgarden,MPEG audio file,A-Sides,Rock
On Mercury,Red Hot Chili Peppers,MPEG audio file,By The Way,Rock
I Will Follow,U2,MPEG audio file,The Best Of 1980-1990,Rock
I'm Gonna Crawl,Led Zeppelin,MPEG audio file,In Through The Out Door,Rock
The Number Of The Beast,Iron Maiden,MPEG audio file,Rock In Rio [CD2],Rock
Welcome to the Jungle,Guns' Roses,Protected AAC audio file,Appetite for Destruction,Rock
No More Tears,Ozzy Osbourne,Protected AAC audio file,No More Tears (Remastered),Rock
Get On The Snake,Soundgarden,MPEG audio file,A-Sides,Rock
Everything I Need,Men At Work,MPEG audio file,The Best Of Men At Work,Rock
Communication Breakdown(2),Led Zeppelin,MPEG audio file,BBC Sessions [Disc 1] [Live],Rock
Indifference,Pearl Jam,MPEG audio file,Vs.,Rock
Out Of Control,The Rolling Stones,MPEG audio file,No Security,Rock
Chains Of Misery,Iron Maiden,MPEG audio file,Fear Of The Dark,Rock
Unchained,Van Halen,MPEG audio file,"The Best Of Van Halen, Vol. I",Rock
Do You Love Me,Kiss,MPEG audio file,Greatest Kiss,Rock
Make Love Like A Man,Def Leppard,MPEG audio file,Vault: Def Leppard's Greatest Hits,Rock
We Will Rock You,Queen,MPEG audio file,Greatest Hits I,Rock
Intro,Nirvana,MPEG audio file,From The Muddy Banks Of The Wishkah [Live],Rock
Fortunes Of War,Iron Maiden,MPEG audio file,The X Factor,Rock
Whole Lotta Love (Medley),Led Zeppelin,MPEG audio file,BBC Sessions [Disc 2] [Live],Rock
The Way You Do To Mer,Santana,MPEG audio file,Santana Live,Rock
Coma,Guns' Roses,Protected AAC audio file,Use Your Illusion I,Rock
Maluco Beleza,Raul Seixas,MPEG audio file,Raul Seixas,Rock
Go,Pearl Jam,MPEG audio file,Live On Two Legs [Live],Rock
Manic Depression,Jimi Hendrix,MPEG audio file,Are You Experienced?,Rock
(Da Le) Yaleo,Santana,MPEG audio file,Supernatural,Rock
It's Late,Queen,MPEG audio file,News Of The World,Rock
Women In Uniform,Paul D'Ianno,MPEG audio file,The Beast Live,Rock
Dazed And Confused,Led Zeppelin,MPEG audio file,The Song Remains The Same (Disc 1),Rock
It Came Out Of The Sky,Creedence Clearwater Revival,MPEG audio file,"Chronicle, Vol. 2",Rock
Cuckoo For Caca,Faith No More,MPEG audio file,King For A Day Fool For A Lifetime,Rock
Undertow,R.E.M.,MPEG audio file,New Adventures In Hi-Fi,Rock
Lords of Karma,Joe Satriani,Protected AAC audio file,Surfing with the Alien (Remastered),Rock
Don't Forget Me,Red Hot Chili Peppers,MPEG audio file,By The Way,Rock
Take The Power,The Cult,MPEG audio file,Beyond Good And Evil,Rock
Sucker Train Blues,Velvet Revolver,MPEG audio file,Contraband,Rock
Afraid To Shoot Strangers,Iron Maiden,MPEG audio file,Live At Donington 1992 (Disc 1),Rock
New Faces,The Rolling Stones,MPEG audio file,Voodoo Lounge,Rock
American Gothic,The Cult,MPEG audio file,Beyond Good And Evil,Rock
Hallowed Be Thy Name,Iron Maiden,MPEG audio file,Live At Donington 1992 (Disc 2),Rock
Rebelião,Skank,MPEG audio file,Maquinarama,Rock
Who Can It Be Now?,Men At Work,MPEG audio file,The Best Of Men At Work,Rock
Fool In The Rain,Led Zeppelin,MPEG audio file,In Through The Out Door,Rock
Purple Stain,Red Hot Chili Peppers,MPEG audio file,Californication,Rock
Play The Game,Queen,MPEG audio file,Greatest Hits I,Rock
Once,Pearl Jam,MPEG audio file,Ten,Rock
American Woman,Lenny Kravitz,MPEG audio file,Greatest Hits,Rock
The Longest Day,Iron Maiden,Protected AAC audio file,A Matter of Life and Death,Rock
End Over End,Foo Fighters,MPEG audio file,In Your Honor [Disc 1],Rock
Satch Boogie,Joe Satriani,Protected AAC audio file,Surfing with the Alien (Remastered),Rock
The Gentle Art Of Making Enemies,Faith No More,MPEG audio file,King For A Day Fool For A Lifetime,Rock
Love Is Strong,The Rolling Stones,MPEG audio file,Voodoo Lounge,Rock
Fear Of The Dark,Iron Maiden,MPEG audio file,Rock In Rio [CD2],Rock
Wind Up,Foo Fighters,MPEG audio file,The Colour And The Shape,Rock
Babe I'm Gonna Leave You,Led Zeppelin,MPEG audio file,Led Zeppelin I,Rock
Carolina Hard-Core Ecstasy,Frank Zappa & Captain Beefheart,MPEG audio file,Bongo Fury,Rock
Set It Off,Audioslave,MPEG audio file,Audioslave,Rock
Black Velveteen,Lenny Kravitz,MPEG audio file,Greatest Hits,Rock
Misty Mountain Hop,Led Zeppelin,MPEG audio file,IV,Rock
Someday Never Comes,Creedence Clearwater Revival,MPEG audio file,"Chronicle, Vol. 1",Rock
Run Through The Jungle,Creedence Clearwater Revival,MPEG audio file,"Chronicle, Vol. 1",Rock
Suck On The Jugular,The Rolling Stones,MPEG audio file,Voodoo Lounge,Rock
Time To Kill,Deep Purple,MPEG audio file,The Battle Rages On,Rock
Lazy,Deep Purple,MPEG audio file,Machine Head,Rock
Hang 'Em High,Van Halen,MPEG audio file,Diver Down,Rock
Rock Das Aranhas (Ao Vivo) (Live),Raul Seixas,MPEG audio file,Raul Seixas,Rock
Do You Love Me,Kiss,MPEG audio file,Unplugged [Live],Rock
Love Comes Tumbling,U2,MPEG audio file,B-Sides 1980-1990,Rock
New York,U2,MPEG audio file,All That You Can't Leave Behind,Rock
What You Are,Audioslave,MPEG audio file,Audioslave,Rock
Ozone Baby,Led Zeppelin,MPEG audio file,Coda,Rock
Crazy,Aerosmith,MPEG audio file,Big Ones,Rock
Breed,Nirvana,MPEG audio file,From The Muddy Banks Of The Wishkah [Live],Rock
"Always With Me, Always With You",Joe Satriani,Protected AAC audio file,Surfing with the Alien (Remastered),Rock
What is and Should Never Be,Led Zeppelin,MPEG audio file,BBC Sessions [Disc 1] [Live],Rock
Sons Of Freedom,Page & Plant,MPEG audio file,Walking Into Clarksdale,Rock
Mágica,O Terço,MPEG audio file,Compositores,Rock
Waterhole (Expresso Bongo),Marillion,MPEG audio file,Misplaced Childhood,Rock
Thank You,Led Zeppelin,MPEG audio file,Led Zeppelin II,Rock
Space Truckin',Deep Purple,MPEG audio file,The Final Concerts (Disc 2),Rock
Bringin' On The Heartbreak,Def Leppard,MPEG audio file,Vault: Def Leppard's Greatest Hits,Rock
No No No,Deep Purple,MPEG audio file,Fireball,Rock
Heaven Is,Def Leppard,MPEG audio file,Vault: Def Leppard's Greatest Hits,Rock
Judgement Of Heaven,Iron Maiden,MPEG audio file,The X Factor,Rock
Slither,Velvet Revolver,MPEG audio file,Contraband,Rock
All I Want Is You,U2,MPEG audio file,Rattle And Hum,Rock
The Rover,Led Zeppelin,MPEG audio file,Physical Graffiti [Disc 1],Rock
Crazy Train,Ozzy Osbourne,Protected AAC audio file,Blizzard of Ozz,Rock
The Unbeliever,Iron Maiden,MPEG audio file,The X Factor,Rock
Radio GA GA,Queen,MPEG audio file,Greatest Hits II,Rock
Sul Da América,Skank,MPEG audio file,O Samba Poconé,Rock
Message in a Bottle,The Police,MPEG audio file,The Police Greatest Hits,Rock
Goin' Blind,Kiss,MPEG audio file,Greatest Kiss,Rock
Blind Curve: Vocal Under A Bloodlight / Passing Strangers / Mylo / Perimeter Walk / Threshold,Marillion,MPEG audio file,Misplaced Childhood,Rock
The Number Of The Beast,Iron Maiden,MPEG audio file,The Number of The Beast,Rock
Fire In The Basement,Deep Purple,MPEG audio file,Slaves And Masters,Rock
Sun King,The Cult,MPEG audio file,"Pure Cult: The Best Of The Cult (For Rockers, Ravers, Lovers & Sinners) [UK]",Rock
Dissident,Pearl Jam,MPEG audio file,Vs.,Rock
Sleep On The Sidewalk,Queen,MPEG audio file,News Of The World,Rock
Lady Double Dealer,Deep Purple,MPEG audio file,Stormbringer,Rock
Lord Of The Flies,Iron Maiden,MPEG audio file,The X Factor,Rock
Tryin' To Throw Your Arms Around The World,U2,MPEG audio file,Achtung Baby,Rock
School,Nirvana,MPEG audio file,From The Muddy Banks Of The Wishkah [Live],Rock
The Crunge,Led Zeppelin,MPEG audio file,Houses Of The Holy,Rock
Tease Me Please Me,Scorpions,Protected AAC audio file,20th Century Masters - The Millennium Collection: The Best of Scorpions,Rock
Living Wreck,Deep Purple,MPEG audio file,Deep Purple In Rock,Rock
That's The Way,Led Zeppelin,MPEG audio file,BBC Sessions [Disc 2] [Live],Rock
Black Mountain Side,Led Zeppelin,MPEG audio file,Led Zeppelin I,Rock
Out Of The Silent Planet,Iron Maiden,MPEG audio file,Brave New World,Rock
Rock And Roll Is Dead,Lenny Kravitz,MPEG audio file,Greatest Hits,Rock
Communication Breakdown,Led Zeppelin,MPEG audio file,Led Zeppelin I,Rock
Love Boat Captain,Pearl Jam,MPEG audio file,Riot Act,Rock
Easily,Red Hot Chili Peppers,MPEG audio file,Californication,Rock
Where Have All The Good Times Gone?,Van Halen,MPEG audio file,Diver Down,Rock
You Keep On Moving,Deep Purple,MPEG audio file,Come Taste The Band,Rock
Shock Me,Kiss,MPEG audio file,Greatest Kiss,Rock
Santana Jam,Santana,MPEG audio file,Santana - As Years Go By,Rock
Have You Ever Needed Someone So Bad,Def Leppard,MPEG audio file,Vault: Def Leppard's Greatest Hits,Rock
Who Are You (Single Edit Version),The Who,MPEG audio file,My Generation - The Very Best Of The Who,Rock
Take This Bottle,Faith No More,MPEG audio file,King For A Day Fool For A Lifetime,Rock
5.15,The Who,MPEG audio file,My Generation - The Very Best Of The Who,Rock
Elderly Woman Behind The Counter In A Small Town,Pearl Jam,MPEG audio file,Vs.,Rock
Night Flight,Led Zeppelin,MPEG audio file,Physical Graffiti [Disc 2],Rock
Heartbreaker,Led Zeppelin,MPEG audio file,BBC Sessions [Disc 2] [Live],Rock
Parallel Universe,Red Hot Chili Peppers,MPEG audio file,Californication,Rock
"Mama, I'm Coming Home",Ozzy Osbourne,Protected AAC audio file,No More Tears (Remastered),Rock
Crushing Day,Joe Satriani,Protected AAC audio file,Surfing with the Alien (Remastered),Rock
No Fundo Do Quintal Da Escola,Raul Seixas,MPEG audio file,Raul Seixas,Rock
Perfect,Alanis Morissette,MPEG audio file,Jagged Little Pill,Rock
C.O.D.,AC/DC,MPEG audio file,For Those About To Rock We Salute You,Rock
I Heard It Through The Grapevine,Creedence Clearwater Revival,MPEG audio file,"Chronicle, Vol. 1",Rock
I Need Love,Deep Purple,MPEG audio file,Come Taste The Band,Rock
Now I'm Here,Queen,MPEG audio file,Greatest Hits I,Rock
"Sabbath, Bloody Sabbath",Ozzy Osbourne,Protected AAC audio file,Speak of the Devil,Rock
Don't Look Now,Creedence Clearwater Revival,MPEG audio file,"Chronicle, Vol. 2",Rock
40,U2,MPEG audio file,War,Rock
"Anyway, Anyhow, Anywhere",The Who,MPEG audio file,My Generation - The Very Best Of The Who,Rock
All I Want Is You,U2,MPEG audio file,The Best Of 1980-1990,Rock
The Evil That Men Do,Iron Maiden,MPEG audio file,Live At Donington 1992 (Disc 1),Rock
Cry For Love,David Coverdale,MPEG audio file,Into The Light,Rock
Thumbing My Way,Pearl Jam,MPEG audio file,Riot Act,Rock
Calling Dr. Love,Kiss,MPEG audio file,Greatest Kiss,Rock
O Segredo Do Universo,Raul Seixas,MPEG audio file,Raul Seixas,Rock
Bohemian Rhapsody,Queen,MPEG audio file,Greatest Hits I,Rock
Your Time Is Gonna Come,Led Zeppelin,MPEG audio file,Led Zeppelin I,Rock
Rock & Roll,Led Zeppelin,MPEG audio file,IV,Rock
One Man's Meat,Deep Purple,MPEG audio file,The Battle Rages On,Rock
Ricochet,Faith No More,MPEG audio file,King For A Day Fool For A Lifetime,Rock
When Love Comes To Town,U2,MPEG audio file,The Best Of 1980-1990,Rock
Californication,Red Hot Chili Peppers,MPEG audio file,Californication,Rock
I Can't Remember,Alice In Chains,MPEG audio file,Facelift,Rock
Magic Bus,The Who,MPEG audio file,My Generation - The Very Best Of The Who,Rock
Cropduster,Pearl Jam,MPEG audio file,Riot Act,Rock
As Tears Go By,The Rolling Stones,MPEG audio file,"Hot Rocks, 1964-1971 (Disc 1)",Rock
Wild Flower,The Cult,MPEG audio file,"Pure Cult: The Best Of The Cult (For Rockers, Ravers, Lovers & Sinners) [UK]",Rock
El Farol,Santana,MPEG audio file,Supernatural,Rock
I Put A Spell On You,Creedence Clearwater Revival,MPEG audio file,"Chronicle, Vol. 1",Rock
Blood Brothers,Iron Maiden,MPEG audio file,Brave New World,Rock
Ten Years Gone,Led Zeppelin,MPEG audio file,Physical Graffiti [Disc 2],Rock
Man On The Edge,Iron Maiden,MPEG audio file,The X Factor,Rock
Zé Trindade,Skank,MPEG audio file,O Samba Poconé,Rock
You're Crazy,Guns' Roses,Protected AAC audio file,Appetite for Destruction,Rock
Lookin' Out My Back Door,Creedence Clearwater Revival,MPEG audio file,"Chronicle, Vol. 1",Rock
Love Gun,Kiss,MPEG audio file,Greatest Kiss,Rock
Sometimes You Can't Make It On Your Own,U2,MPEG audio file,How To Dismantle An Atomic Bomb,Rock
Hot Dog,Led Zeppelin,MPEG audio file,In Through The Out Door,Rock
Hard Lovin' Man,Deep Purple,MPEG audio file,Deep Purple In Rock,Rock
Please,U2,MPEG audio file,Pop,Rock
Wainting On A Friend,The Rolling Stones,MPEG audio file,No Security,Rock
Hell Ain't A Bad Place To Be,AC/DC,MPEG audio file,Let There Be Rock,Rock
Fight From The Inside,Queen,MPEG audio file,News Of The World,Rock
So Cruel,U2,MPEG audio file,Achtung Baby,Rock
Last Night On Earth,U2,MPEG audio file,Pop,Rock
You Are,Pearl Jam,MPEG audio file,Riot Act,Rock
Believe,Lenny Kravitz,MPEG audio file,Greatest Hits,Rock
The Rain Song,Led Zeppelin,MPEG audio file,Houses Of The Holy,Rock
2 A.M.,Iron Maiden,MPEG audio file,The X Factor,Rock
The Sun Road,"Terry Bozzio, Tony Levin & Steve Stevens",MPEG audio file,[1997] Black Light Syndrome,Rock
Ramshackle Man,Deep Purple,MPEG audio file,The Battle Rages On,Rock
Rats,Pearl Jam,MPEG audio file,Vs.,Rock
Otherside,Red Hot Chili Peppers,MPEG audio file,Californication,Rock
Twentienth Century Fox,The Doors,MPEG audio file,The Doors,Rock
Love Conquers All,Deep Purple,MPEG audio file,Slaves And Masters,Rock
51st Anniversary,Jimi Hendrix,MPEG audio file,Are You Experienced?,Rock
The Deepest Blues Are Black,Foo Fighters,MPEG audio file,In Your Honor [Disc 1],Rock
The Wind Cries Mary,Jimi Hendrix,MPEG audio file,Are You Experienced?,Rock
My Melancholy Blues,Queen,MPEG audio file,News Of The World,Rock
Drifter,Deep Purple,MPEG audio file,Come Taste The Band,Rock
Runnin' With The Devil,Van Halen,MPEG audio file,Van Halen,Rock
Pride (In The Name Of Love),U2,MPEG audio file,Rattle And Hum,Rock
Knocking At Your Back Door,Deep Purple,MPEG audio file,Knocking at Your Back Door: The Best Of Deep Purple in the 80's,Rock
Heartland,U2,MPEG audio file,Rattle And Hum,Rock
Put The Finger On You,AC/DC,MPEG audio file,For Those About To Rock We Salute You,Rock
Janie's Got A Gun,Aerosmith,MPEG audio file,Big Ones,Rock
Sheer Heart Attack,Queen,MPEG audio file,News Of The World,Rock
By The Way,Red Hot Chili Peppers,MPEG audio file,By The Way,Rock
Ironic,Alanis Morissette,MPEG audio file,Jagged Little Pill,Rock
Book of Hours,"Terry Bozzio, Tony Levin & Steve Stevens",MPEG audio file,[1997] Black Light Syndrome,Rock
Spectacle,Velvet Revolver,MPEG audio file,Contraband,Rock
Ice Cream Man,Van Halen,MPEG audio file,Van Halen,Rock
Still Loving You,Scorpions,Protected AAC audio file,20th Century Masters - The Millennium Collection: The Best of Scorpions,Rock
How Many Say I,Van Halen,MPEG audio file,Van Halen III,Rock
Paradise City,Guns' Roses,Protected AAC audio file,Appetite for Destruction,Rock
Baba O'Riley,The Who,MPEG audio file,My Generation - The Very Best Of The Who,Rock
You Shook Me(2),Led Zeppelin,MPEG audio file,BBC Sessions [Disc 1] [Live],Rock
Água E Fogo,Skank,MPEG audio file,Maquinarama,Rock
Wild Honey,U2,MPEG audio file,All That You Can't Leave Behind,Rock
Poconé,Skank,MPEG audio file,O Samba Poconé,Rock
D'Yer Mak'er,Led Zeppelin,MPEG audio file,Houses Of The Holy,Rock
For Those About To Rock (We Salute You),AC/DC,MPEG audio file,For Those About To Rock We Salute You,Rock
My Baby Left Me,Creedence Clearwater Revival,MPEG audio file,"Chronicle, Vol. 2",Rock
Send Me an Angel,Scorpions,Protected AAC audio file,20th Century Masters - The Millennium Collection: The Best of Scorpions,Rock
Daughter,Pearl Jam,MPEG audio file,Live On Two Legs [Live],Rock
Ramble On,Led Zeppelin,MPEG audio file,Led Zeppelin II,Rock
You Shook Me,Led Zeppelin,MPEG audio file,BBC Sessions [Disc 1] [Live],Rock
Quem Mata A Mulher Mata O Melhor,O Terço,MPEG audio file,Compositores,Rock
I Can't Quit You Baby,Led Zeppelin,MPEG audio file,Led Zeppelin I,Rock
Sunday Bloody Sunday,U2,MPEG audio file,The Best Of 1980-1990,Rock
I Can't Quit You Baby,Led Zeppelin,MPEG audio file,BBC Sessions [Disc 1] [Live],Rock
Revolution 1993,Jamiroquai,MPEG audio file,Emergency On Planet Earth,Rock
Killer Queen,Queen,MPEG audio file,Greatest Hits I,Rock
From Afar,Van Halen,MPEG audio file,Van Halen III,Rock
Jamie's Cryin',Van Halen,MPEG audio file,Van Halen,Rock
Still,Foo Fighters,MPEG audio file,In Your Honor [Disc 2],Rock
Fireball,Deep Purple,MPEG audio file,Fireball,Rock
Illegal I Song,Velvet Revolver,MPEG audio file,Contraband,Rock
Happy Trails,Van Halen,MPEG audio file,Diver Down,Rock
It's A Hard Life,Queen,MPEG audio file,Greatest Hits II,Rock
Friend Of A Friend,Foo Fighters,MPEG audio file,In Your Honor [Disc 2],Rock
Come As You Are,Nirvana,MPEG audio file,Nevermind,Rock
When The World Was Young,Page & Plant,MPEG audio file,Walking Into Clarksdale,Rock
A Touch Away,Deep Purple,MPEG audio file,Purpendicular,Rock
Maybe I'm A Leo,Deep Purple,MPEG audio file,Machine Head,Rock
Let Love Rule,Lenny Kravitz,MPEG audio file,Greatest Hits,Rock
Runnin' With The Devil,Van Halen,MPEG audio file,"The Best Of Van Halen, Vol. I",Rock
With Or Without You,U2,MPEG audio file,The Best Of 1980-1990,Rock
Baby Break It Down,The Rolling Stones,MPEG audio file,Voodoo Lounge,Rock
Ghost Of The Navigator,Iron Maiden,MPEG audio file,Brave New World,Rock
Maquinarama,Skank,MPEG audio file,Maquinarama,Rock
From Here To Eternity,Iron Maiden,MPEG audio file,Fear Of The Dark,Rock
Free Me,Foo Fighters,MPEG audio file,In Your Honor [Disc 1],Rock
You Ain't the First,Guns' Roses,Protected AAC audio file,Use Your Illusion I,Rock
Rosa's Cantina,Deep Purple,MPEG audio file,Purpendicular,Rock
Livin' On The Edge,Aerosmith,MPEG audio file,Big Ones,Rock
The Star Spangled Banner,U2,MPEG audio file,Rattle And Hum,Rock
Jesus Christ Pose,Soundgarden,MPEG audio file,A-Sides,Rock
Rock Of Ages,Def Leppard,MPEG audio file,Vault: Def Leppard's Greatest Hits,Rock
"De Do Do Do, De Da Da Da",The Police,MPEG audio file,The Police Greatest Hits,Rock
Why Go,Pearl Jam,MPEG audio file,Ten,Rock
Hallowed Be Thy Name,Iron Maiden,MPEG audio file,Rock In Rio [CD2],Rock
Getaway Car,Audioslave,MPEG audio file,Audioslave,Rock
Numb,U2,MPEG audio file,Zooropa,Rock
Big City Nights,Scorpions,Protected AAC audio file,20th Century Masters - The Millennium Collection: The Best of Scorpions,Rock
Immigrant Song,Led Zeppelin,MPEG audio file,Led Zeppelin III,Rock
Who Wants To Live Forever,Queen,MPEG audio file,Greatest Hits II,Rock
Closer To The Heart,Rush,MPEG audio file,Retrospective I (1974-1980),Rock
Red Light,U2,MPEG audio file,War,Rock
Fire Woman,The Cult,MPEG audio file,"Pure Cult: The Best Of The Cult (For Rockers, Ravers, Lovers & Sinners) [UK]",Rock
Rain Song,Led Zeppelin,MPEG audio file,The Song Remains The Same (Disc 1),Rock
The Last To Know,Faith No More,MPEG audio file,King For A Day Fool For A Lifetime,Rock
Don't Stop Me Now,Queen,MPEG audio file,Greatest Hits I,Rock
Living On Love,David Coverdale,MPEG audio file,Into The Light,Rock
Wake Up,Alanis Morissette,MPEG audio file,Jagged Little Pill,Rock
Candy Store Rock,Led Zeppelin,MPEG audio file,Presence,Rock
No One Like You,Scorpions,Protected AAC audio file,20th Century Masters - The Millennium Collection: The Best of Scorpions,Rock
Ballot or the Bullet,Van Halen,MPEG audio file,Van Halen III,Rock
Light My Way,Audioslave,MPEG audio file,Audioslave,Rock
Poor Tom,Led Zeppelin,MPEG audio file,Coda,Rock
Ugly In The Morning,Faith No More,MPEG audio file,King For A Day Fool For A Lifetime,Rock
Long As I Can See The Light,Creedence Clearwater Revival,MPEG audio file,"Chronicle, Vol. 1",Rock
Please Read The Letter,Page & Plant,MPEG audio file,Walking Into Clarksdale,Rock
Big Bad Bill (Is Sweet William Now),Van Halen,MPEG audio file,Diver Down,Rock
Mr. Cab Driver,Lenny Kravitz,MPEG audio file,Greatest Hits,Rock
The Clairvoyant,Iron Maiden,MPEG audio file,Live At Donington 1992 (Disc 2),Rock
Over The Hills And Far Away,Led Zeppelin,MPEG audio file,Houses Of The Holy,Rock
The Wizard,Ozzy Osbourne,Protected AAC audio file,Speak of the Devil,Rock
Hallelujah Here She Comes,U2,MPEG audio file,B-Sides 1980-1990,Rock
Burning Up,Page & Plant,MPEG audio file,Walking Into Clarksdale,Rock
Good Golly Miss Molly,Creedence Clearwater Revival,MPEG audio file,"Chronicle, Vol. 2",Rock
One I Want,Van Halen,MPEG audio file,Van Halen III,Rock
My Generation,The Who,MPEG audio file,My Generation - The Very Best Of The Who,Rock
Bad Apples,Guns' Roses,Protected AAC audio file,Use Your Illusion I,Rock
The Purpendicular Waltz,Deep Purple,MPEG audio file,Purpendicular,Rock
Mistreated (Alternate Version),Deep Purple,MPEG audio file,The Final Concerts (Disc 2),Rock
Brain Damage,Pink Floyd,MPEG audio file,Dark Side Of The Moon,Rock
The Edge Of Darkness,Iron Maiden,MPEG audio file,The X Factor,Rock
Head Over Feet,Alanis Morissette,MPEG audio file,Jagged Little Pill,Rock
I Can See For Miles,The Who,MPEG audio file,My Generation - The Very Best Of The Who,Rock
Nothin' To Lose,Kiss,MPEG audio file,Unplugged [Live],Rock
Substitute,The Who,MPEG audio file,My Generation - The Very Best Of The Who,Rock
The Lemon Song,Led Zeppelin,MPEG audio file,Led Zeppelin II,Rock
Bad Obsession,Guns' Roses,Protected AAC audio file,Use Your Illusion I,Rock
Bad,U2,MPEG audio file,The Best Of 1980-1990,Rock
Every Little Thing She Does is Magic,The Police,MPEG audio file,The Police Greatest Hits,Rock
My Hero,Foo Fighters,MPEG audio file,The Colour And The Shape,Rock
Blinded By Rainbows,The Rolling Stones,MPEG audio file,Voodoo Lounge,Rock
Save You,Pearl Jam,MPEG audio file,Riot Act,Rock
Spoonman,Soundgarden,MPEG audio file,A-Sides,Rock
Mãe Terra,O Terço,MPEG audio file,Compositores,Rock
Mean Disposition,The Rolling Stones,MPEG audio file,Voodoo Lounge,Rock
True Believers,The Cult,MPEG audio file,Beyond Good And Evil,Rock
Given To Fly,Pearl Jam,MPEG audio file,Live On Two Legs [Live],Rock
Fear Of The Dark,Iron Maiden,MPEG audio file,Fear Of The Dark,Rock
Sweethearts Together,The Rolling Stones,MPEG audio file,Voodoo Lounge,Rock
King Of Dreams,Deep Purple,MPEG audio file,Slaves And Masters,Rock
Call Of The Wild,Deep Purple,MPEG audio file,Knocking at Your Back Door: The Best Of Deep Purple in the 80's,Rock
Us And Them,Pink Floyd,MPEG audio file,Dark Side Of The Moon,Rock
Show Me How to Live,Audioslave,MPEG audio file,Audioslave,Rock
Satisfaction,The Rolling Stones,MPEG audio file,"Hot Rocks, 1964-1971 (Disc 1)",Rock
When I Look At The World,U2,MPEG audio file,All That You Can't Leave Behind,Rock
Love Don't Mean a Thing,Deep Purple,MPEG audio file,Stormbringer,Rock
El Corazon Manda,Santana,MPEG audio file,Santana - As Years Go By,Rock
Running Free,Iron Maiden,MPEG audio file,Live At Donington 1992 (Disc 2),Rock
High Ball Shooter,Deep Purple,MPEG audio file,Stormbringer,Rock
Down by the Sea,Men At Work,MPEG audio file,The Best Of Men At Work,Rock
The Song Remains The Same,Led Zeppelin,MPEG audio file,The Song Remains The Same (Disc 1),Rock
Seconds,U2,MPEG audio file,War,Rock
Tourette's,Nirvana,MPEG audio file,From The Muddy Banks Of The Wishkah [Live],Rock
Lithium,Nirvana,MPEG audio file,From The Muddy Banks Of The Wishkah [Live],Rock
Never Before,Deep Purple,MPEG audio file,Machine Head,Rock
Sam With The Showing Scalp Flat Top,Frank Zappa & Captain Beefheart,MPEG audio file,Bongo Fury,Rock
P.S.Apareça,O Terço,MPEG audio file,Compositores,Rock
Dancing Barefoot,U2,MPEG audio file,B-Sides 1980-1990,Rock
The Cut Runs Deep,Deep Purple,MPEG audio file,Slaves And Masters,Rock
Beth,Kiss,MPEG audio file,Unplugged [Live],Rock
You Can't Do it Right (With the One You Love),Deep Purple,MPEG audio file,Stormbringer,Rock
Rock & Roll,Led Zeppelin,MPEG audio file,The Song Remains The Same (Disc 1),Rock
Be Quick Or Be Dead,Iron Maiden,MPEG audio file,Fear Of The Dark,Rock
Help Help,Pearl Jam,MPEG audio file,Riot Act,Rock
F*Ckin' Up,Pearl Jam,MPEG audio file,Live On Two Legs [Live],Rock
Burden In My Hand,Soundgarden,MPEG audio file,A-Sides,Rock
Sem Terra,Skank,MPEG audio file,O Samba Poconé,Rock
Atomic Punk,Van Halen,MPEG audio file,Van Halen,Rock
I Am Mine,Pearl Jam,MPEG audio file,Riot Act,Rock
She Give Me ...,David Coverdale,MPEG audio file,Into The Light,Rock
Breathe,The Cult,MPEG audio file,Beyond Good And Evil,Rock
"All Dead, All Dead",Queen,MPEG audio file,News Of The World,Rock
Midnight Blue,David Coverdale,MPEG audio file,Into The Light,Rock
Persuasion,Santana,MPEG audio file,Santana - As Years Go By,Rock
Always On The Run,Lenny Kravitz,MPEG audio file,Greatest Hits,Rock
Slave,David Coverdale,MPEG audio file,Into The Light,Rock
Put You Down,Alice In Chains,MPEG audio file,Facelift,Rock
The Temples Of Syrinx,Rush,MPEG audio file,Retrospective I (1974-1980),Rock
Mata Virgem,Raul Seixas,MPEG audio file,Raul Seixas,Rock
Somethin' Else,Led Zeppelin,MPEG audio file,BBC Sessions [Disc 1] [Live],Rock
Os Exilados,Skank,MPEG audio file,O Samba Poconé,Rock
Circles,Joe Satriani,Protected AAC audio file,Surfing with the Alien (Remastered),Rock
Comin' Home,Kiss,MPEG audio file,Unplugged [Live],Rock
Feel Your Love Tonight,Van Halen,MPEG audio file,Van Halen,Rock
Travelling Riverside Blues,Led Zeppelin,MPEG audio file,BBC Sessions [Disc 1] [Live],Rock
Are You Experienced?,Jimi Hendrix,MPEG audio file,Are You Experienced?,Rock
Loving The Alien,Velvet Revolver,MPEG audio file,Contraband,Rock
What A Day,Faith No More,MPEG audio file,King For A Day Fool For A Lifetime,Rock
Tombstone Shadow,Creedence Clearwater Revival,MPEG audio file,"Chronicle, Vol. 2",Rock
Can't Get You Off My Mind,Lenny Kravitz,MPEG audio file,Greatest Hits,Rock
Prazer E Fé,O Terço,MPEG audio file,Compositores,Rock
Bleed The Freak,Alice In Chains,MPEG audio file,Facelift,Rock
Fools,Deep Purple,MPEG audio file,Fireball,Rock
Born On The Bayou,Creedence Clearwater Revival,MPEG audio file,"Chronicle, Vol. 2",Rock
Go,Pearl Jam,MPEG audio file,Vs.,Rock
Gone,U2,MPEG audio file,Pop,Rock
DOA,Foo Fighters,MPEG audio file,In Your Honor [Disc 1],Rock
Hard Luck Woman,Kiss,MPEG audio file,Greatest Kiss,Rock
Can You See Me,Jimi Hendrix,MPEG audio file,Are You Experienced?,Rock
Sliver,Nirvana,MPEG audio file,From The Muddy Banks Of The Wishkah [Live],Rock
Wind of Change,Scorpions,Protected AAC audio file,20th Century Masters - The Millennium Collection: The Best of Scorpions,Rock
Eclipse,Pink Floyd,MPEG audio file,Dark Side Of The Moon,Rock
Xanadu,Rush,MPEG audio file,Retrospective I (1974-1980),Rock
Primary,Van Halen,MPEG audio file,Van Halen III,Rock
Babyface,U2,MPEG audio file,Zooropa,Rock
On Fire,Van Halen,MPEG audio file,Van Halen,Rock
Saint Of Me,The Rolling Stones,MPEG audio file,No Security,Rock
She Sells Sanctuary,The Cult,MPEG audio file,"Pure Cult: The Best Of The Cult (For Rockers, Ravers, Lovers & Sinners) [UK]",Rock
Sin,Stone Temple Pilots,MPEG audio file,Core,Rock
This Is The Place,Red Hot Chili Peppers,MPEG audio file,By The Way,Rock
Time,O Terço,MPEG audio file,Compositores,Rock
Memory Motel,The Rolling Stones,MPEG audio file,No Security,Rock
Sanctuary,Iron Maiden,MPEG audio file,Live At Donington 1992 (Disc 2),Rock
Over And Out,Foo Fighters,MPEG audio file,In Your Honor [Disc 2],Rock
Staring At The Sun,U2,MPEG audio file,Pop,Rock
Can't Stand Losing You,The Police,MPEG audio file,The Police Greatest Hits,Rock
Child In Time,Deep Purple,MPEG audio file,Deep Purple In Rock,Rock
Elevation,U2,MPEG audio file,All That You Can't Leave Behind,Rock
Black,Pearl Jam,MPEG audio file,Ten,Rock
Às Vezes,O Terço,MPEG audio file,Compositores,Rock
W.M.A.,Pearl Jam,MPEG audio file,Vs.,Rock
No Sign of Yesterday,Men At Work,MPEG audio file,The Best Of Men At Work,Rock
Rusty Cage,Soundgarden,MPEG audio file,A-Sides,Rock
My Michelle,Guns' Roses,Protected AAC audio file,Appetite for Destruction,Rock
Freewill,Rush,MPEG audio file,Retrospective I (1974-1980),Rock
Black Sabbath,Ozzy Osbourne,Protected AAC audio file,Speak of the Devil,Rock
I Looked At You,The Doors,MPEG audio file,The Doors,Rock
Sangue Latino,O Terço,MPEG audio file,Compositores,Rock
Angel Of Harlem,U2,MPEG audio file,Rattle And Hum,Rock
Running Free,Paul D'Ianno,MPEG audio file,The Beast Live,Rock
The Saint,The Cult,MPEG audio file,Beyond Good And Evil,Rock
Whole Lotta Love,Led Zeppelin,MPEG audio file,The Song Remains The Same (Disc 2),Rock
Neworld,Van Halen,MPEG audio file,Van Halen III,Rock
Celebration Day,Led Zeppelin,MPEG audio file,The Song Remains The Same (Disc 1),Rock
Hey Joe,Jimi Hendrix,MPEG audio file,Are You Experienced?,Rock
King For A Day,Faith No More,MPEG audio file,King For A Day Fool For A Lifetime,Rock
Right On Time,Red Hot Chili Peppers,MPEG audio file,Californication,Rock
My Bridges Burn,The Cult,MPEG audio file,Beyond Good And Evil,Rock
Pictures Of Home,Deep Purple,MPEG audio file,Machine Head,Rock
Outshined,Soundgarden,MPEG audio file,A-Sides,Rock
Electrolite,R.E.M.,MPEG audio file,New Adventures In Hi-Fi,Rock
Some Days Are Better Than Others,U2,MPEG audio file,Zooropa,Rock
Holding Back The Years,Lenny Kravitz,MPEG audio file,Greatest Hits,Rock
All Because Of You,U2,MPEG audio file,How To Dismantle An Atomic Bomb,Rock
Moby Dick,Led Zeppelin,MPEG audio file,The Song Remains The Same (Disc 2),Rock
N.I.B.,Ozzy Osbourne,Protected AAC audio file,Speak of the Devil,Rock
On A Plain,Nirvana,MPEG audio file,Nevermind,Rock
Zoo Station,U2,MPEG audio file,Achtung Baby,Rock
Fairground,Lenny Kravitz,MPEG audio file,Greatest Hits,Rock
Todo Mundo Explica,Raul Seixas,MPEG audio file,Raul Seixas,Rock
Deuces Are Wild,Aerosmith,MPEG audio file,Big Ones,Rock
The Wicker Man,Iron Maiden,MPEG audio file,Brave New World,Rock
I Go Wild,The Rolling Stones,MPEG audio file,Voodoo Lounge,Rock
Daughter,Pearl Jam,MPEG audio file,Vs.,Rock
Dog Eat Dog,AC/DC,MPEG audio file,Let There Be Rock,Rock
I'm The One,Van Halen,MPEG audio file,Van Halen,Rock
Poofter's Froth Wyoming Plans Ahead,Frank Zappa & Captain Beefheart,MPEG audio file,Bongo Fury,Rock
Garden,Pearl Jam,MPEG audio file,Ten,Rock
Cotton Fields,Creedence Clearwater Revival,MPEG audio file,"Chronicle, Vol. 2",Rock
Sapato 36,Raul Seixas,MPEG audio file,Raul Seixas,Rock
Think About You,Guns' Roses,Protected AAC audio file,Appetite for Destruction,Rock
In The Light,Led Zeppelin,MPEG audio file,Physical Graffiti [Disc 2],Rock
Wearing And Tearing,Led Zeppelin,MPEG audio file,Coda,Rock
Don't You Cry,David Coverdale,MPEG audio file,Into The Light,Rock
Cochise,Audioslave,MPEG audio file,Audioslave,Rock
Lick It Up,Deep Purple,MPEG audio file,The Battle Rages On,Rock
Miracle Drug,U2,MPEG audio file,How To Dismantle An Atomic Bomb,Rock
Sunshine,Alice In Chains,MPEG audio file,Facelift,Rock
"Love, Hate, Love",Alice In Chains,MPEG audio file,Facelift,Rock
You Better You Bet,The Who,MPEG audio file,My Generation - The Very Best Of The Who,Rock
Space Truckin',Deep Purple,MPEG audio file,Machine Head,Rock
Headlong,Queen,MPEG audio file,Greatest Hits II,Rock
Whole Lotta Love,Led Zeppelin,MPEG audio file,Led Zeppelin II,Rock
Wrathchild,Paul D'Ianno,MPEG audio file,The Beast Live,Rock
Hey Cisco,Deep Purple,MPEG audio file,Purpendicular,Rock
Smoke On The Water,Deep Purple,MPEG audio file,Knocking at Your Back Door: The Best Of Deep Purple in the 80's,Rock
Polly,Nirvana,MPEG audio file,Nevermind,Rock
Anya,Deep Purple,MPEG audio file,The Battle Rages On,Rock
La Puesta Del Sol,Santana,MPEG audio file,Santana - As Years Go By,Rock
The Spirit Of Radio,Rush,MPEG audio file,Retrospective I (1974-1980),Rock
Perfect Crime,Guns' Roses,Protected AAC audio file,Use Your Illusion I,Rock
Who'll Stop The Rain,Creedence Clearwater Revival,MPEG audio file,"Chronicle, Vol. 1",Rock
Dosed,Red Hot Chili Peppers,MPEG audio file,By The Way,Rock
South Bound Saurez,Led Zeppelin,MPEG audio file,In Through The Out Door,Rock
Spirit Walker,The Cult,MPEG audio file,"Pure Cult: The Best Of The Cult (For Rockers, Ravers, Lovers & Sinners) [UK]",Rock
Are You Gonna Go My Way,Lenny Kravitz,MPEG audio file,Greatest Hits,Rock
Sweet Hitch-Hiker,Creedence Clearwater Revival,MPEG audio file,"Chronicle, Vol. 1",Rock
Mother's Little Helper,The Rolling Stones,MPEG audio file,"Hot Rocks, 1964-1971 (Disc 1)",Rock
I Don't Know,Ozzy Osbourne,Protected AAC audio file,Blizzard of Ozz,Rock
Two Steps Behind [Acoustic Version],Def Leppard,MPEG audio file,Vault: Def Leppard's Greatest Hits,Rock
The Invisible Man,Queen,MPEG audio file,Greatest Hits II,Rock
I Can't Quit You Baby(2),Led Zeppelin,MPEG audio file,BBC Sessions [Disc 1] [Live],Rock
Love Bites,Def Leppard,MPEG audio file,Vault: Def Leppard's Greatest Hits,Rock
Why Can't This Be Love,Van Halen,MPEG audio file,"The Best Of Van Halen, Vol. I",Rock
Gallows Pole,Led Zeppelin,MPEG audio file,Led Zeppelin III,Rock
Rocket,Def Leppard,MPEG audio file,Vault: Def Leppard's Greatest Hits,Rock
Kayleigh,Marillion,MPEG audio file,Misplaced Childhood,Rock
Susie Q,Creedence Clearwater Revival,MPEG audio file,"Chronicle, Vol. 1",Rock
Throw Away Your Television,Red Hot Chili Peppers,MPEG audio file,By The Way,Rock
Red House,Jimi Hendrix,MPEG audio file,Are You Experienced?,Rock
Bleed Together,Soundgarden,MPEG audio file,A-Sides,Rock
Animal,Pearl Jam,MPEG audio file,Vs.,Rock
Right Next Door to Hell,Guns' Roses,Protected AAC audio file,Use Your Illusion I,Rock
No One Came,Deep Purple,MPEG audio file,Fireball,Rock
When It's Love,Van Halen,MPEG audio file,"The Best Of Van Halen, Vol. I",Rock
Childhood's End,Iron Maiden,MPEG audio file,Fear Of The Dark,Rock
Heart Of Lothian: Wide Boy / Curtain Call,Marillion,MPEG audio file,Misplaced Childhood,Rock
Drain You,Nirvana,MPEG audio file,Nevermind,Rock
Sanctuary,Iron Maiden,MPEG audio file,Rock In Rio [CD2],Rock
Sign Of The Cross,Iron Maiden,MPEG audio file,The X Factor,Rock
Brand New Car,The Rolling Stones,MPEG audio file,Voodoo Lounge,Rock
Run To The Hills,Iron Maiden,MPEG audio file,Rock In Rio [CD2],Rock
The Last Remaining Light,Audioslave,MPEG audio file,Audioslave,Rock
We Are The Champions,Queen,MPEG audio file,News Of The World,Rock
Do It For The Kids,Velvet Revolver,MPEG audio file,Contraband,Rock
Walking On The Water,Creedence Clearwater Revival,MPEG audio file,"Chronicle, Vol. 2",Rock
Los Pretos,Skank,MPEG audio file,O Samba Poconé,Rock
Heart Of Soul,The Cult,MPEG audio file,"Pure Cult: The Best Of The Cult (For Rockers, Ravers, Lovers & Sinners) [UK]",Rock
What It Takes,Aerosmith,MPEG audio file,Big Ones,Rock
Cabron,Red Hot Chili Peppers,MPEG audio file,By The Way,Rock
(Wish I Could) Hideaway,Creedence Clearwater Revival,MPEG audio file,"Chronicle, Vol. 2",Rock
Two Hearts Beat As One,U2,MPEG audio file,War,Rock
Lodi,Creedence Clearwater Revival,MPEG audio file,"Chronicle, Vol. 1",Rock
The Girl I Love She Got Long Black Wavy Hair,Led Zeppelin,MPEG audio file,BBC Sessions [Disc 1] [Live],Rock
We Are The Champions,Queen,MPEG audio file,Greatest Hits I,Rock
Duende,"Terry Bozzio, Tony Levin & Steve Stevens",MPEG audio file,[1997] Black Light Syndrome,Rock
Where The River Goes,Stone Temple Pilots,MPEG audio file,Core,Rock
(Oh) Pretty Woman,Van Halen,MPEG audio file,Diver Down,Rock
Something Got Me Started,Lenny Kravitz,MPEG audio file,Greatest Hits,Rock
In The Evening,Led Zeppelin,MPEG audio file,In Through The Out Door,Rock
Falling in Circles,"Terry Bozzio, Tony Levin & Steve Stevens",MPEG audio file,[1997] Black Light Syndrome,Rock
Bring'em Back Alive,Audioslave,MPEG audio file,Audioslave,Rock
Green Disease,Pearl Jam,MPEG audio file,Riot Act,Rock
The Seeker,The Who,MPEG audio file,My Generation - The Very Best Of The Who,Rock
O Dia Em Que A Terra Parou,Raul Seixas,MPEG audio file,Raul Seixas,Rock
Dreams,Van Halen,MPEG audio file,"The Best Of Van Halen, Vol. I",Rock
Love,The Cult,MPEG audio file,"Pure Cult: The Best Of The Cult (For Rockers, Ravers, Lovers & Sinners) [UK]",Rock
War Pigs,Ozzy Osbourne,Protected AAC audio file,Speak of the Devil,Rock
Departure,R.E.M.,MPEG audio file,New Adventures In Hi-Fi,Rock
Breakfast In Bed,Deep Purple,MPEG audio file,Slaves And Masters,Rock
Custard Pie,Led Zeppelin,MPEG audio file,Physical Graffiti [Disc 1],Rock
Double Talkin' Jive,Guns' Roses,Protected AAC audio file,Use Your Illusion I,Rock
Edie (Ciao Baby),The Cult,MPEG audio file,"Pure Cult: The Best Of The Cult (For Rockers, Ravers, Lovers & Sinners) [UK]",Rock
Under My Thumb,The Rolling Stones,MPEG audio file,"Hot Rocks, 1964-1971 (Disc 1)",Rock
Pretty Noose,Soundgarden,MPEG audio file,A-Sides,Rock
Speak To Me/Breathe,Pink Floyd,MPEG audio file,Dark Side Of The Moon,Rock
Break on Through,The Doors,MPEG audio file,The Doors,Rock
Before You Accuse Me,Creedence Clearwater Revival,MPEG audio file,"Chronicle, Vol. 2",Rock
In My Time Of Dying,Led Zeppelin,MPEG audio file,Physical Graffiti [Disc 1],Rock
Soul Kitchen,The Doors,MPEG audio file,The Doors,Rock
Corduroy,Pearl Jam,MPEG audio file,Live On Two Legs [Live],Rock
Cold Day In The Sun,Foo Fighters,MPEG audio file,In Your Honor [Disc 2],Rock
Get Right,Pearl Jam,MPEG audio file,Riot Act,Rock
How Many More Times,Led Zeppelin,MPEG audio file,BBC Sessions [Disc 1] [Live],Rock
You've Got It,Lenny Kravitz,MPEG audio file,Greatest Hits,Rock
Diamante De Mendigo,Raul Seixas,MPEG audio file,Raul Seixas,Rock
Ali,Skank,MPEG audio file,Maquinarama,Rock
Secrets,Van Halen,MPEG audio file,Diver Down,Rock
Flash,Queen,MPEG audio file,Greatest Hits I,Rock
Black Dog,Led Zeppelin,MPEG audio file,BBC Sessions [Disc 2] [Live],Rock
Surrender,U2,MPEG audio file,War,Rock
Desire,U2,MPEG audio file,Rattle And Hum,Rock
Rock Me,Santana,MPEG audio file,Santana Live,Rock
Somebody To Love,Queen,MPEG audio file,Greatest Hits I,Rock
Rhythm of Love,Scorpions,Protected AAC audio file,20th Century Masters - The Millennium Collection: The Best of Scorpions,Rock
Celebration Day,Led Zeppelin,MPEG audio file,Led Zeppelin III,Rock
It's a Mistake,Men At Work,MPEG audio file,The Best Of Men At Work,Rock
Amazing,Aerosmith,MPEG audio file,Big Ones,Rock
Highway Chile,Jimi Hendrix,MPEG audio file,Are You Experienced?,Rock
Domino,Kiss,MPEG audio file,Unplugged [Live],Rock
Piece Of Pie,Stone Temple Pilots,MPEG audio file,Core,Rock
Four Sticks,Led Zeppelin,MPEG audio file,IV,Rock
Fortunate Son,Creedence Clearwater Revival,MPEG audio file,"Chronicle, Vol. 1",Rock
Don't Look To The Eyes Of A Stranger,Iron Maiden,MPEG audio file,Virtual XI,Rock
Deuce,Kiss,MPEG audio file,Greatest Kiss,Rock
Silver And Gold,U2,MPEG audio file,B-Sides 1980-1990,Rock
Savior,Red Hot Chili Peppers,MPEG audio file,Californication,Rock
It's Only Love,Lenny Kravitz,MPEG audio file,Greatest Hits,Rock
Porcelain,Red Hot Chili Peppers,MPEG audio file,Californication,Rock
The Wanton Song,Led Zeppelin,MPEG audio file,Physical Graffiti [Disc 2],Rock
Confusion,Alice In Chains,MPEG audio file,Facelift,Rock
Spank Thru,Nirvana,MPEG audio file,From The Muddy Banks Of The Wishkah [Live],Rock
Living Loving Maid (She's Just A Woman),Led Zeppelin,MPEG audio file,Led Zeppelin II,Rock
Smooth,Santana,MPEG audio file,Supernatural,Rock
Drowning Man,U2,MPEG audio file,War,Rock
Spread Your Wings,Queen,MPEG audio file,News Of The World,Rock
Oceans,Pearl Jam,MPEG audio file,Ten,Rock
Iron Maiden,Paul D'Ianno,MPEG audio file,The Beast Live,Rock
When Love & Hate Collide,Def Leppard,MPEG audio file,Vault: Def Leppard's Greatest Hits,Rock
Panama,Van Halen,MPEG audio file,"The Best Of Van Halen, Vol. I",Rock
Stone Free,Jimi Hendrix,MPEG audio file,Are You Experienced?,Rock
Blow Up The Outside World,Soundgarden,MPEG audio file,A-Sides,Rock
Brave New World,Iron Maiden,MPEG audio file,Brave New World,Rock
Somebody Stole My Guitar,Deep Purple,MPEG audio file,Purpendicular,Rock
Soldier Of Fortune,Deep Purple,MPEG audio file,Stormbringer,Rock
Fire,Jimi Hendrix,MPEG audio file,Are You Experienced?,Rock
Man In The Box,Alice In Chains,MPEG audio file,Facelift,Rock
We Will Rock You,Queen,MPEG audio file,News Of The World,Rock
Iron Maiden,Iron Maiden,MPEG audio file,Rock In Rio [CD2],Rock
MFC,Pearl Jam,MPEG audio file,Live On Two Legs [Live],Rock
Respectable,The Rolling Stones,MPEG audio file,No Security,Rock
Can I Play With Madness,Iron Maiden,MPEG audio file,Live At Donington 1992 (Disc 1),Rock
Go West,The Cult,MPEG audio file,"Pure Cult: The Best Of The Cult (For Rockers, Ravers, Lovers & Sinners) [UK]",Rock
I Don't Live Today,Jimi Hendrix,MPEG audio file,Are You Experienced?,Rock
Do You Like The Way,Santana,MPEG audio file,Supernatural,Rock
Wherever You May Go,David Coverdale,MPEG audio file,Into The Light,Rock
What Is And What Should Never Be,Led Zeppelin,MPEG audio file,Led Zeppelin II,Rock
New Year's Day,U2,MPEG audio file,War,Rock
Princess of the Dawn,Accept,Protected AAC audio file,Restless and Wild,Rock
A Castle Full Of Rascals,Deep Purple,MPEG audio file,Purpendicular,Rock
Zooropa,U2,MPEG audio file,Zooropa,Rock
Do You Feel Loved,U2,MPEG audio file,Pop,Rock
Live With Me,The Rolling Stones,MPEG audio file,No Security,Rock
200 Years Old,Frank Zappa & Captain Beefheart,MPEG audio file,Bongo Fury,Rock
Judas Be My Guide,Iron Maiden,MPEG audio file,Fear Of The Dark,Rock
Soon Forgotten,Deep Purple,MPEG audio file,Purpendicular,Rock
A Twist In The Tail,Deep Purple,MPEG audio file,The Battle Rages On,Rock
The Fly,U2,MPEG audio file,Achtung Baby,Rock
Shining In The Light,Page & Plant,MPEG audio file,Walking Into Clarksdale,Rock
By-Tor And The Snow Dog,Rush,MPEG audio file,Retrospective I (1974-1980),Rock
Spanish Eyes,U2,MPEG audio file,B-Sides 1980-1990,Rock
Kashmir,Led Zeppelin,MPEG audio file,Physical Graffiti [Disc 1],Rock
Hammer To Fall,Queen,MPEG audio file,Greatest Hits II,Rock
Beautiful Day,U2,MPEG audio file,All That You Can't Leave Behind,Rock
Dazed and Confused,Led Zeppelin,MPEG audio file,BBC Sessions [Disc 1] [Live],Rock
Hill of the Skull,Joe Satriani,Protected AAC audio file,Surfing with the Alien (Remastered),Rock
Have You Ever Seen The Rain?,Creedence Clearwater Revival,MPEG audio file,"Chronicle, Vol. 1",Rock
End Of The Night,The Doors,MPEG audio file,The Doors,Rock
Different World,Iron Maiden,Protected AAC audio file,A Matter of Life and Death,Rock
Into The Light,David Coverdale,MPEG audio file,Into The Light,Rock
Remember,Jimi Hendrix,MPEG audio file,Are You Experienced?,Rock
God Gave Rock 'n' Roll To You,Kiss,MPEG audio file,Greatest Kiss,Rock
Music Of The Wind,Jamiroquai,MPEG audio file,Emergency On Planet Earth,Rock
Photograph,Def Leppard,MPEG audio file,Vault: Def Leppard's Greatest Hits,Rock
Tailgunner,Iron Maiden,MPEG audio file,Live At Donington 1992 (Disc 1),Rock
Caralho Voador,Faith No More,MPEG audio file,King For A Day Fool For A Lifetime,Rock
Mary Jane,Alanis Morissette,MPEG audio file,Jagged Little Pill,Rock
Don't Stand so Close to Me,The Police,MPEG audio file,The Police Greatest Hits,Rock
Speed Of Light,The Cult,MPEG audio file,Beyond Good And Evil,Rock
Again,Lenny Kravitz,MPEG audio file,Greatest Hits,Rock
Whole Lotta Love,Led Zeppelin,MPEG audio file,BBC Sessions [Disc 1] [Live],Rock
King Of Pain,The Police,MPEG audio file,The Police Greatest Hits,Rock
Sweet Child O' Mine,Guns' Roses,Protected AAC audio file,Appetite for Destruction,Rock
The Zoo,Scorpions,Protected AAC audio file,20th Century Masters - The Millennium Collection: The Best of Scorpions,Rock
Flying High Again,Ozzy Osbourne,Protected AAC audio file,Diary of a Madman (Remastered),Rock
"Hey, Johnny Park!",Foo Fighters,MPEG audio file,The Colour And The Shape,Rock
Ty Cobb,Soundgarden,MPEG audio file,A-Sides,Rock
É Uma Partida De Futebol,Skank,MPEG audio file,O Samba Poconé,Rock
Fly By Night,Rush,MPEG audio file,Retrospective I (1974-1980),Rock
You Really Got Me,Van Halen,MPEG audio file,Van Halen,Rock
I Want To Break Free,Queen,MPEG audio file,Greatest Hits II,Rock
See You Tonight,Kiss,MPEG audio file,Unplugged [Live],Rock
Luminous Times (Hold On To Love),U2,MPEG audio file,B-Sides 1980-1990,Rock
Every Breath You Take,The Police,MPEG audio file,The Police Greatest Hits,Rock
Live and Let Die,Guns' Roses,Protected AAC audio file,Use Your Illusion I,Rock
Upon A Golden Horse,Page & Plant,MPEG audio file,Walking Into Clarksdale,Rock
Dance the Night Away,Van Halen,MPEG audio file,"The Best Of Van Halen, Vol. I",Rock
In Bloom,Nirvana,MPEG audio file,Nevermind,Rock
Black,Pearl Jam,MPEG audio file,Live On Two Legs [Live],Rock
Since I've Been Loving You,Led Zeppelin,MPEG audio file,BBC Sessions [Disc 2] [Live],Rock
That's The Way,Led Zeppelin,MPEG audio file,Led Zeppelin III,Rock
The Mercenary,Iron Maiden,MPEG audio file,Brave New World,Rock
Stuck In A Moment You Can't Get Out Of,U2,MPEG audio file,All That You Can't Leave Behind,Rock
No Way Back,Foo Fighters,MPEG audio file,In Your Honor [Disc 1],Rock
Sanctuary,Paul D'Ianno,MPEG audio file,The Beast Live,Rock
For the Greater Good of God,Iron Maiden,Protected AAC audio file,A Matter of Life and Death,Rock
The End,The Doors,MPEG audio file,The Doors,Rock
Wishing It Was,Santana,MPEG audio file,Supernatural,Rock
You Oughta Know,Alanis Morissette,MPEG audio file,Jagged Little Pill,Rock
Bring Your Daughter... To The Slaughter...,Iron Maiden,MPEG audio file,Live At Donington 1992 (Disc 2),Rock
Paint It Black,The Rolling Stones,MPEG audio file,"Hot Rocks, 1964-1971 (Disc 1)",Rock
Unchained Melody,U2,MPEG audio file,B-Sides 1980-1990,Rock
Nico,The Cult,MPEG audio file,Beyond Good And Evil,Rock
Finding My Way,Rush,MPEG audio file,Retrospective I (1974-1980),Rock
Something For Nothing,Rush,MPEG audio file,Retrospective I (1974-1980),Rock
Remember Tomorrow,Paul D'Ianno,MPEG audio file,The Beast Live,Rock
Too Much Is Not Enough,Deep Purple,MPEG audio file,Slaves And Masters,Rock
The Ocean,Led Zeppelin,MPEG audio file,Houses Of The Holy,Rock
Resurrection Joe,The Cult,MPEG audio file,"Pure Cult: The Best Of The Cult (For Rockers, Ravers, Lovers & Sinners) [UK]",Rock
River Song,David Coverdale,MPEG audio file,Into The Light,Rock
Warm Tape,Red Hot Chili Peppers,MPEG audio file,By The Way,Rock
Stormbringer,Deep Purple,MPEG audio file,Stormbringer,Rock
All I Really Want,Alanis Morissette,MPEG audio file,Jagged Little Pill,Rock
You Fool No One,Deep Purple,MPEG audio file,MK III The Final Concerts [Disc 1],Rock
House Of Love,Page & Plant,MPEG audio file,Walking Into Clarksdale,Rock
As Profecias,Raul Seixas,MPEG audio file,Raul Seixas,Rock
Stairway To Heaven,Led Zeppelin,MPEG audio file,The Song Remains The Same (Disc 2),Rock
Debra Kadabra,Frank Zappa & Captain Beefheart,MPEG audio file,Bongo Fury,Rock
I Still Love You,Kiss,MPEG audio file,Unplugged [Live],Rock
Lounge Act,Nirvana,MPEG audio file,Nevermind,Rock
The Full Bug,Van Halen,MPEG audio file,Diver Down,Rock
Hell,Foo Fighters,MPEG audio file,In Your Honor [Disc 1],Rock
Balada Do Amor Inabalável,Skank,MPEG audio file,Maquinarama,Rock
Love Of My Life,Santana,MPEG audio file,Supernatural,Rock
Como Estais Amigos,Iron Maiden,MPEG audio file,Virtual XI,Rock
These Colours Don't Run,Iron Maiden,Protected AAC audio file,A Matter of Life and Death,Rock
Another One Bites The Dust,Queen,MPEG audio file,Greatest Hits I,Rock
19th Nervous Breakdown,The Rolling Stones,MPEG audio file,"Hot Rocks, 1964-1971 (Disc 1)",Rock
Peace On Earth,U2,MPEG audio file,All That You Can't Leave Behind,Rock
Wild Hearted Son,The Cult,MPEG audio file,"Pure Cult: The Best Of The Cult (For Rockers, Ravers, Lovers & Sinners) [UK]",Rock
Bittersweet Me,R.E.M.,MPEG audio file,New Adventures In Hi-Fi,Rock
Back Door Man,The Doors,MPEG audio file,The Doors,Rock
Truth Hurts,Deep Purple,MPEG audio file,Slaves And Masters,Rock
Headspace,Velvet Revolver,MPEG audio file,Contraband,Rock
It's So Easy,Guns' Roses,Protected AAC audio file,Appetite for Destruction,Rock
Endless Deep,U2,MPEG audio file,B-Sides 1980-1990,Rock
Soul Sacrifice,Santana,MPEG audio file,Santana - As Years Go By,Rock
Hands All Over,Soundgarden,MPEG audio file,A-Sides,Rock
Lemon,U2,MPEG audio file,Zooropa,Rock
Ultraviolet (Light My Way),U2,MPEG audio file,Achtung Baby,Rock
The Trees,Rush,MPEG audio file,Retrospective I (1974-1980),Rock
Intruder,Van Halen,MPEG audio file,Diver Down,Rock
Loud Love,Soundgarden,MPEG audio file,A-Sides,Rock
Carouselambra,Led Zeppelin,MPEG audio file,In Through The Out Door,Rock
Hysteria,Def Leppard,MPEG audio file,Vault: Def Leppard's Greatest Hits,Rock
Around The World,Red Hot Chili Peppers,MPEG audio file,Californication,Rock
Animal,Def Leppard,MPEG audio file,Vault: Def Leppard's Greatest Hits,Rock
Vertigo,U2,MPEG audio file,How To Dismantle An Atomic Bomb,Rock
Echo,Joe Satriani,Protected AAC audio file,Surfing with the Alien (Remastered),Rock
Can't Get This Stuff No More,Van Halen,MPEG audio file,"The Best Of Van Halen, Vol. I",Rock
On The Run,Pink Floyd,MPEG audio file,Dark Side Of The Moon,Rock
Detroit Rock City,Kiss,MPEG audio file,Greatest Kiss,Rock
Release,Pearl Jam,MPEG audio file,Ten,Rock
Can't Stop,Red Hot Chili Peppers,MPEG audio file,By The Way,Rock
Black Diamond,Kiss,MPEG audio file,Greatest Kiss,Rock
Eat The Rich,Aerosmith,MPEG audio file,Big Ones,Rock
The Miracle,Queen,MPEG audio file,Greatest Hits II,Rock
Shout It Out Loud,Kiss,MPEG audio file,Greatest Kiss,Rock
Virginia Moon,Foo Fighters,MPEG audio file,In Your Honor [Disc 2],Rock
She,Kiss,MPEG audio file,Greatest Kiss,Rock
Iron Man/Children of the Grave,Ozzy Osbourne,Protected AAC audio file,Speak of the Devil,Rock
Dirty Day,U2,MPEG audio file,Zooropa,Rock
I'm A Boy,The Who,MPEG audio file,My Generation - The Very Best Of The Who,Rock
"Stay (Faraway, So Close!)",U2,MPEG audio file,Zooropa,Rock
Never Say Die,Ozzy Osbourne,Protected AAC audio file,Speak of the Devil,Rock
Out On The Tiles,Led Zeppelin,MPEG audio file,Led Zeppelin III,Rock
Look For The Truth,Iron Maiden,MPEG audio file,The X Factor,Rock
Smoke On The Water,Deep Purple,MPEG audio file,MK III The Final Concerts [Disc 1],Rock
Thrill Me,Lenny Kravitz,MPEG audio file,Greatest Hits,Rock
I Still Haven't Found What I'm Looking for,U2,MPEG audio file,Rattle And Hum,Rock
Just Ain't Good Enough,Santana,MPEG audio file,Santana Live,Rock
Travelin' Band,Creedence Clearwater Revival,MPEG audio file,"Chronicle, Vol. 1",Rock
Dazed and Confused,Led Zeppelin,MPEG audio file,Led Zeppelin I,Rock
Good Times Bad Times,Led Zeppelin,MPEG audio file,Led Zeppelin I,Rock
Cathedral,Van Halen,MPEG audio file,Diver Down,Rock
Heart Of Stone,The Rolling Stones,MPEG audio file,"Hot Rocks, 1964-1971 (Disc 1)",Rock
The Great Gig In The Sky,Pink Floyd,MPEG audio file,Dark Side Of The Moon,Rock
Love Rescue Me,U2,MPEG audio file,Rattle And Hum,Rock
Midnight,Red Hot Chili Peppers,MPEG audio file,By The Way,Rock
Dr. Heckyll & Mr. Jive,Men At Work,MPEG audio file,The Best Of Men At Work,Rock
Blow Your Mind,Jamiroquai,MPEG audio file,Emergency On Planet Earth,Rock
Fear Of The Dark,Iron Maiden,MPEG audio file,Live At Donington 1992 (Disc 1),Rock
Third Stone From The Sun,Jimi Hendrix,MPEG audio file,Are You Experienced?,Rock
Get Out,Faith No More,MPEG audio file,King For A Day Fool For A Lifetime,Rock
Hello Mary Lou,Creedence Clearwater Revival,MPEG audio file,"Chronicle, Vol. 2",Rock
Thank You,Led Zeppelin,MPEG audio file,BBC Sessions [Disc 2] [Live],Rock
Jump,Van Halen,MPEG audio file,"The Best Of Van Halen, Vol. I",Rock
Miami,U2,MPEG audio file,Pop,Rock
No Quarter,Led Zeppelin,MPEG audio file,The Song Remains The Same (Disc 2),Rock
White Feather,Marillion,MPEG audio file,Misplaced Childhood,Rock
Wrote A Song For Everyone,Creedence Clearwater Revival,MPEG audio file,"Chronicle, Vol. 2",Rock
Balls to the Wall,Accept,Protected AAC audio file,Balls to the Wall,Rock
A Kind Of Magic,Queen,MPEG audio file,Greatest Hits II,Rock
Surfing with the Alien,Joe Satriani,Protected AAC audio file,Surfing with the Alien (Remastered),Rock
Glorified G,Pearl Jam,MPEG audio file,Vs.,Rock
Discotheque,U2,MPEG audio file,Pop,Rock
Trampled Under Foot,Led Zeppelin,MPEG audio file,Physical Graffiti [Disc 1],Rock
Nothing To Say,Soundgarden,MPEG audio file,A-Sides,Rock
Stairway To Heaven,Led Zeppelin,MPEG audio file,BBC Sessions [Disc 2] [Live],Rock
Mofo,U2,MPEG audio file,Pop,Rock
E-Bow The Letter,R.E.M.,MPEG audio file,New Adventures In Hi-Fi,Rock
When The Levee Breaks,Led Zeppelin,MPEG audio file,IV,Rock
Hey Tonight,Creedence Clearwater Revival,MPEG audio file,"Chronicle, Vol. 1",Rock
Love Removal Machine,The Cult,MPEG audio file,"Pure Cult: The Best Of The Cult (For Rockers, Ravers, Lovers & Sinners) [UK]",Rock
The Wake-Up Bomb,R.E.M.,MPEG audio file,New Adventures In Hi-Fi,Rock
From Here To Eternity,Iron Maiden,MPEG audio file,Live At Donington 1992 (Disc 1),Rock
Strutter,Kiss,MPEG audio file,Greatest Kiss,Rock
Too Many Tears,David Coverdale,MPEG audio file,Into The Light,Rock
Arc,Pearl Jam,MPEG audio file,Riot Act,Rock
If You Wear That Velvet Dress,U2,MPEG audio file,Pop,Rock
Deus,O Terço,MPEG audio file,Compositores,Rock
Let's Get Rocked,Def Leppard,MPEG audio file,Vault: Def Leppard's Greatest Hits,Rock
Holy Man,Deep Purple,MPEG audio file,Stormbringer,Rock
"Muita Estrela, Pouca Constelação",Raul Seixas,MPEG audio file,Raul Seixas,Rock
I Like Dirt,Red Hot Chili Peppers,MPEG audio file,Californication,Rock
I Still Haven't Found What I'm Looking For,U2,MPEG audio file,The Best Of 1980-1990,Rock
Dust' Bones,Guns' Roses,Protected AAC audio file,Use Your Illusion I,Rock
Innuendo,Queen,MPEG audio file,Greatest Hits II,Rock
Do The Evolution,Pearl Jam,MPEG audio file,Live On Two Legs [Live],Rock
Muffin Man,Frank Zappa & Captain Beefheart,MPEG audio file,Bongo Fury,Rock
When I Was A Child,Page & Plant,MPEG audio file,Walking Into Clarksdale,Rock
Fell On Black Days,Soundgarden,MPEG audio file,A-Sides,Rock
Walk To The Water,U2,MPEG audio file,B-Sides 1980-1990,Rock
Bicycle Race,Queen,MPEG audio file,Greatest Hits I,Rock
Into The Fire,Deep Purple,MPEG audio file,Deep Purple In Rock,Rock
Advance Romance,Frank Zappa & Captain Beefheart,MPEG audio file,Bongo Fury,Rock
Tão Seu,Skank,MPEG audio file,O Samba Poconé,Rock
Join Together,The Who,MPEG audio file,My Generation - The Very Best Of The Who,Rock
Heaven Can Wait,Iron Maiden,MPEG audio file,Live At Donington 1992 (Disc 2),Rock
The Midnight Special,Creedence Clearwater Revival,MPEG audio file,"Chronicle, Vol. 2",Rock
Sex Type Thing,Stone Temple Pilots,MPEG audio file,Core,Rock
Stars,Lenny Kravitz,MPEG audio file,Greatest Hits,Rock
Wicked Ways,Deep Purple,MPEG audio file,Slaves And Masters,Rock
Bad Attitude,Deep Purple,MPEG audio file,Knocking at Your Back Door: The Best Of Deep Purple in the 80's,Rock
"Trash, Trampoline And The Party Girl",U2,MPEG audio file,B-Sides 1980-1990,Rock
Let's Get It Up,AC/DC,MPEG audio file,For Those About To Rock We Salute You,Rock
Immigrant Song,Led Zeppelin,MPEG audio file,BBC Sessions [Disc 2] [Live],Rock
Cascades : I'm Not Your Lover,Deep Purple,MPEG audio file,Purpendicular,Rock
You're My Best Friend,Queen,MPEG audio file,Greatest Hits I,Rock
Heaven Help,Lenny Kravitz,MPEG audio file,Greatest Hits,Rock
The Battle Rages On,Deep Purple,MPEG audio file,The Battle Rages On,Rock
Pictures Of Lily,The Who,MPEG audio file,My Generation - The Very Best Of The Who,Rock
Love Is Blindness,U2,MPEG audio file,Achtung Baby,Rock
Razor,Foo Fighters,MPEG audio file,In Your Honor [Disc 2],Rock
Blue Train,Page & Plant,MPEG audio file,Walking Into Clarksdale,Rock
Don't Stand So Close to Me '86,The Police,MPEG audio file,The Police Greatest Hits,Rock
Universally Speaking,Red Hot Chili Peppers,MPEG audio file,By The Way,Rock
Snowblind,Ozzy Osbourne,Protected AAC audio file,Speak of the Devil,Rock
Perfect Strangers,Deep Purple,MPEG audio file,Knocking at Your Back Door: The Best Of Deep Purple in the 80's,Rock
Talk About Love,Deep Purple,MPEG audio file,The Battle Rages On,Rock
Ashes And Ghosts,The Cult,MPEG audio file,Beyond Good And Evil,Rock
Deep,Pearl Jam,MPEG audio file,Ten,Rock
Exploder,Audioslave,MPEG audio file,Audioslave,Rock
Love Child,Deep Purple,MPEG audio file,Come Taste The Band,Rock
As The Years Go by,Santana,MPEG audio file,Santana - As Years Go By,Rock
Dead Horse,Guns' Roses,Protected AAC audio file,Use Your Illusion I,Rock
Alabama Song,The Doors,MPEG audio file,The Doors,Rock
Message in a Bottle (new classic rock mix),The Police,MPEG audio file,The Police Greatest Hits,Rock
God Of Thunder,Kiss,MPEG audio file,Greatest Kiss,Rock
Moon Is Up,The Rolling Stones,MPEG audio file,Voodoo Lounge,Rock
Pour Some Sugar On Me,Def Leppard,MPEG audio file,Vault: Def Leppard's Greatest Hits,Rock
New Year's Day,U2,MPEG audio file,The Best Of 1980-1990,Rock
One,U2,MPEG audio file,Achtung Baby,Rock
You Learn,Alanis Morissette,MPEG audio file,Jagged Little Pill,Rock
Poundcake,Van Halen,MPEG audio file,"The Best Of Van Halen, Vol. I",Rock
Canção Noturna,Skank,MPEG audio file,Maquinarama,Rock
The Trooper,Iron Maiden,MPEG audio file,Live At Donington 1992 (Disc 2),Rock
Dead And Bloated,Stone Temple Pilots,MPEG audio file,Core,Rock
Restless and Wild,Accept,Protected AAC audio file,Restless and Wild,Rock
Bron-Yr-Aur,Led Zeppelin,MPEG audio file,Physical Graffiti [Disc 2],Rock
Child In Time (Son Of Aleric - Instrumental),Deep Purple,MPEG audio file,Knocking at Your Back Door: The Best Of Deep Purple in the 80's,Rock
Maria Maria,Santana,MPEG audio file,Supernatural,Rock
Black Light Syndrome,"Terry Bozzio, Tony Levin & Steve Stevens",MPEG audio file,[1997] Black Light Syndrome,Rock
Afraid To Shoot Strangers,Iron Maiden,MPEG audio file,Fear Of The Dark,Rock
Wrapped Around Your Finger,The Police,MPEG audio file,The Police Greatest Hits,Rock
You Fool No One (Alternate Version),Deep Purple,MPEG audio file,The Final Concerts (Disc 2),Rock
Love Is Blind,David Coverdale,MPEG audio file,Into The Light,Rock
You Got No Right,Velvet Revolver,MPEG audio file,Contraband,Rock
Every Time I Look At You,Kiss,MPEG audio file,Unplugged [Live],Rock
The Apparition,Iron Maiden,MPEG audio file,Fear Of The Dark,Rock
Flight Of The Rat,Deep Purple,MPEG audio file,Deep Purple In Rock,Rock
Pinball Wizard,The Who,MPEG audio file,My Generation - The Very Best Of The Who,Rock
For Your Life,Led Zeppelin,MPEG audio file,Presence,Rock
Spellbound,AC/DC,MPEG audio file,For Those About To Rock We Salute You,Rock
Mysterious Ways,U2,MPEG audio file,Achtung Baby,Rock
Loosen My Strings,Deep Purple,MPEG audio file,Purpendicular,Rock
Scentless Apprentice,Nirvana,MPEG audio file,From The Muddy Banks Of The Wishkah [Live],Rock
Hypnotize,Audioslave,MPEG audio file,Audioslave,Rock
Out Ta Get Me,Guns' Roses,Protected AAC audio file,Appetite for Destruction,Rock
Just A Man,Faith No More,MPEG audio file,King For A Day Fool For A Lifetime,Rock
Fried Neckbones And Home Fries,Santana,MPEG audio file,Santana - As Years Go By,Rock
Blew,Nirvana,MPEG audio file,From The Muddy Banks Of The Wishkah [Live],Rock
Hand In My Pocket,Alanis Morissette,MPEG audio file,Jagged Little Pill,Rock
Thief In The Night,The Rolling Stones,MPEG audio file,No Security,Rock
Nasty Piece Of Work,Deep Purple,MPEG audio file,The Battle Rages On,Rock
Leave,R.E.M.,MPEG audio file,New Adventures In Hi-Fi,Rock
Stay Away,Nirvana,MPEG audio file,Nevermind,Rock
A World Without Heroes,Kiss,MPEG audio file,Unplugged [Live],Rock
Money,Pink Floyd,MPEG audio file,Dark Side Of The Moon,Rock
Believe in Love,Scorpions,Protected AAC audio file,20th Century Masters - The Millennium Collection: The Best of Scorpions,Rock
Bullet The Blue Sky,U2,MPEG audio file,Rattle And Hum,Rock
Angel,Lenny Kravitz,MPEG audio file,Greatest Hits,Rock
Corazon Espinado,Santana,MPEG audio file,Supernatural,Rock
Enough Space,Foo Fighters,MPEG audio file,The Colour And The Shape,Rock
Dirty Water Dog,Van Halen,MPEG audio file,Van Halen III,Rock
Crazy Little Thing Called Love,Queen,MPEG audio file,Greatest Hits I,Rock
Be Quick Or Be Dead,Iron Maiden,MPEG audio file,Live At Donington 1992 (Disc 1),Rock
Wake Up Dead Man,U2,MPEG audio file,Pop,Rock
Rock You Like a Hurricane,Scorpions,Protected AAC audio file,20th Century Masters - The Millennium Collection: The Best of Scorpions,Rock
Bring It On Home,Led Zeppelin,MPEG audio file,Led Zeppelin II,Rock
Better Man,Pearl Jam,MPEG audio file,Live On Two Legs [Live],Rock
The Wanderer,U2,MPEG audio file,Zooropa,Rock
Gettin' Tighter,Deep Purple,MPEG audio file,Come Taste The Band,Rock
Loving You Sunday Morning,Scorpions,Protected AAC audio file,20th Century Masters - The Millennium Collection: The Best of Scorpions,Rock
Man With The Woman Head,Frank Zappa & Captain Beefheart,MPEG audio file,Bongo Fury,Rock
Even Better Than The Real Thing,U2,MPEG audio file,Achtung Baby,Rock
Venice Queen,Red Hot Chili Peppers,MPEG audio file,By The Way,Rock
Preto Damião,Skank,MPEG audio file,Maquinarama,Rock
I Was Made For Loving You,Kiss,MPEG audio file,Greatest Kiss,Rock
Blood,Pearl Jam,MPEG audio file,Vs.,Rock
Who's Gonna Ride Your Wild Horses,U2,MPEG audio file,Achtung Baby,Rock
Walking Into Clarksdale,Page & Plant,MPEG audio file,Walking Into Clarksdale,Rock
Burn,Deep Purple,MPEG audio file,MK III The Final Concerts [Disc 1],Rock
Drain You,Nirvana,MPEG audio file,From The Muddy Banks Of The Wishkah [Live],Rock
Plaster Caster,Kiss,MPEG audio file,Unplugged [Live],Rock
Green River,Creedence Clearwater Revival,MPEG audio file,"Chronicle, Vol. 1",Rock
A Man And A Woman,U2,MPEG audio file,How To Dismantle An Atomic Bomb,Rock
Grace,U2,MPEG audio file,All That You Can't Leave Behind,Rock
Blind Man,Aerosmith,MPEG audio file,Big Ones,Rock
Walking on the Moon,The Police,MPEG audio file,The Police Greatest Hits,Rock
Rain,The Cult,MPEG audio file,"Pure Cult: The Best Of The Cult (For Rockers, Ravers, Lovers & Sinners) [UK]",Rock
Lithium,Nirvana,MPEG audio file,Nevermind,Rock
Bron-Y-Aur Stomp,Led Zeppelin,MPEG audio file,Led Zeppelin III,Rock
"So Fast, So Numb",R.E.M.,MPEG audio file,New Adventures In Hi-Fi,Rock
Tangerine,Led Zeppelin,MPEG audio file,Led Zeppelin III,Rock
Lightning Strikes Twice,Iron Maiden,MPEG audio file,Virtual XI,Rock
Bitter Suite: Brief Encounter / Lost Weekend / Blue Angel,Marillion,MPEG audio file,Misplaced Childhood,Rock
Boogie With Stu,Led Zeppelin,MPEG audio file,Physical Graffiti [Disc 2],Rock
I Can't Explain,The Who,MPEG audio file,My Generation - The Very Best Of The Who,Rock
Bass Trap,U2,MPEG audio file,B-Sides 1980-1990,Rock
No Memory,Stone Temple Pilots,MPEG audio file,Core,Rock
The Calling,Santana,MPEG audio file,Supernatural,Rock
Wrathchild,Iron Maiden,MPEG audio file,Live At Donington 1992 (Disc 1),Rock
Sea Of Sorrow,Alice In Chains,MPEG audio file,Facelift,Rock
The Playboy Mansion,U2,MPEG audio file,Pop,Rock
Binky The Doormat,R.E.M.,MPEG audio file,New Adventures In Hi-Fi,Rock
"Suzie-Q, Pt. 2",Creedence Clearwater Revival,MPEG audio file,"Chronicle, Vol. 2",Rock
The Right Thing,Lenny Kravitz,MPEG audio file,Greatest Hits,Rock
Brighter Than a Thousand Suns,Iron Maiden,Protected AAC audio file,A Matter of Life and Death,Rock
Let There Be Rock,AC/DC,MPEG audio file,Let There Be Rock,Rock
Naked Sunday,Stone Temple Pilots,MPEG audio file,Core,Rock
Nobody's Home,Deep Purple,MPEG audio file,Knocking at Your Back Door: The Best Of Deep Purple in the 80's,Rock
Bloodsucker,Deep Purple,MPEG audio file,Deep Purple In Rock,Rock
Fairies Wear Boots,Ozzy Osbourne,Protected AAC audio file,Speak of the Devil,Rock
Hush,Deep Purple,MPEG audio file,Knocking at Your Back Door: The Best Of Deep Purple in the 80's,Rock
Rock And Roll All Nite,Kiss,MPEG audio file,Greatest Kiss,Rock
Sure Know Something,Kiss,MPEG audio file,Greatest Kiss,Rock
Porch,Pearl Jam,MPEG audio file,Ten,Rock
The Angel And The Gambler,Iron Maiden,MPEG audio file,Virtual XI,Rock
Eu Disse A Ela,Skank,MPEG audio file,O Samba Poconé,Rock
Fly Away,Lenny Kravitz,MPEG audio file,Greatest Hits,Rock
May This Be Love,Jimi Hendrix,MPEG audio file,Are You Experienced?,Rock
Right Through You,Alanis Morissette,MPEG audio file,Jagged Little Pill,Rock
Hold On,Deep Purple,MPEG audio file,Stormbringer,Rock
Pride (In The Name Of Love),U2,MPEG audio file,The Best Of 1980-1990,Rock
Until The End Of The World,U2,MPEG audio file,Achtung Baby,Rock
Can't Stop Loving You,Van Halen,MPEG audio file,"The Best Of Van Halen, Vol. I",Rock
Rise,The Cult,MPEG audio file,Beyond Good And Evil,Rock
Any Colour You Like,Pink Floyd,MPEG audio file,Dark Side Of The Moon,Rock
Breed,Nirvana,MPEG audio file,Nevermind,Rock
Silver And Gold,U2,MPEG audio file,Rattle And Hum,Rock
Dark Corners,"Terry Bozzio, Tony Levin & Steve Stevens",MPEG audio file,[1997] Black Light Syndrome,Rock
"Get Down, Make Love",Queen,MPEG audio file,News Of The World,Rock
Absolute Zero,Faith No More,MPEG audio file,King For A Day Fool For A Lifetime,Rock
Paranoid,Ozzy Osbourne,Protected AAC audio file,Speak of the Devil,Rock
New Way Home,Foo Fighters,MPEG audio file,The Colour And The Shape,Rock
The Last Time,The Rolling Stones,MPEG audio file,No Security,Rock
Me Wise Magic,Van Halen,MPEG audio file,"The Best Of Van Halen, Vol. I",Rock
Nobody's Fault But Mine,Led Zeppelin,MPEG audio file,Presence,Rock
Rocket Queen,Guns' Roses,Protected AAC audio file,Appetite for Destruction,Rock
It Ain't Over 'Til It's Over,Lenny Kravitz,MPEG audio file,Greatest Hits,Rock
You Got Me Rocking,The Rolling Stones,MPEG audio file,Voodoo Lounge,Rock
Earth Mofo,The Cult,MPEG audio file,"Pure Cult: The Best Of The Cult (For Rockers, Ravers, Lovers & Sinners) [UK]",Rock
Sympton of the Universe,Ozzy Osbourne,Protected AAC audio file,Speak of the Devil,Rock
Original Of The Species,U2,MPEG audio file,How To Dismantle An Atomic Bomb,Rock
Black Night,Deep Purple,MPEG audio file,Knocking at Your Back Door: The Best Of Deep Purple in the 80's,Rock
War (The Process),The Cult,MPEG audio file,Beyond Good And Evil,Rock
Fear Is The Key,Iron Maiden,MPEG audio file,Fear Of The Dark,Rock
Daddy's Gonna Pay For Your Crashed Car,U2,MPEG audio file,Zooropa,Rock
Road Trippin',Red Hot Chili Peppers,MPEG audio file,Californication,Rock
Mistreated,Deep Purple,MPEG audio file,MK III The Final Concerts [Disc 1],Rock
Big Machine,Velvet Revolver,MPEG audio file,Contraband,Rock
Lords Of The Backstage,Marillion,MPEG audio file,Misplaced Childhood,Rock
Futureal,Iron Maiden,MPEG audio file,Virtual XI,Rock
Problem Child,AC/DC,MPEG audio file,Let There Be Rock,Rock
2112 Overture,Rush,MPEG audio file,Retrospective I (1974-1980),Rock
Run To The Hills,Iron Maiden,MPEG audio file,Live At Donington 1992 (Disc 2),Rock
Money's Too Tight To Mention,Lenny Kravitz,MPEG audio file,Greatest Hits,Rock
I Know Somethin (Bout You),Alice In Chains,MPEG audio file,Facelift,Rock
Elza,O Terço,MPEG audio file,Compositores,Rock
You Got Me Rocking,The Rolling Stones,MPEG audio file,No Security,Rock
Anthem,Rush,MPEG audio file,Retrospective I (1974-1980),Rock
All or None,Pearl Jam,MPEG audio file,Riot Act,Rock
Evil Walks,AC/DC,MPEG audio file,For Those About To Rock We Salute You,Rock
Van Diemen's Land,U2,MPEG audio file,Rattle And Hum,Rock
Negócio É,Raul Seixas,MPEG audio file,Raul Seixas,Rock
Fire in the Hole,Van Halen,MPEG audio file,Van Halen III,Rock
Didgin' Out,Jamiroquai,MPEG audio file,Emergency On Planet Earth,Rock
Don't Damn Me,Guns' Roses,Protected AAC audio file,Use Your Illusion I,Rock
Digging The Grave,Faith No More,MPEG audio file,King For A Day Fool For A Lifetime,Rock
Born To Move,Creedence Clearwater Revival,MPEG audio file,"Chronicle, Vol. 2",Rock
Wasting Love,Iron Maiden,MPEG audio file,Fear Of The Dark,Rock
If God Will Send His Angels,U2,MPEG audio file,Pop,Rock
Armageddon It,Def Leppard,MPEG audio file,Vault: Def Leppard's Greatest Hits,Rock
Pagan Baby,Creedence Clearwater Revival,MPEG audio file,"Chronicle, Vol. 2",Rock
Rearviewmirror,Pearl Jam,MPEG audio file,Vs.,Rock
Real Thing,Alice In Chains,MPEG audio file,Facelift,Rock
So Beautiful,Lenny Kravitz,MPEG audio file,Greatest Hits,Rock
This Velvet Glove,Red Hot Chili Peppers,MPEG audio file,Californication,Rock
Up In Arms,Foo Fighters,MPEG audio file,The Colour And The Shape,Rock
Boris The Spider,The Who,MPEG audio file,My Generation - The Very Best Of The Who,Rock
Star A.D.,Faith No More,MPEG audio file,King For A Day Fool For A Lifetime,Rock
Gypsy,Deep Purple,MPEG audio file,MK III The Final Concerts [Disc 1],Rock
New Test Leper,R.E.M.,MPEG audio file,New Adventures In Hi-Fi,Rock
The Unforgettable Fire,U2,MPEG audio file,The Best Of 1980-1990,Rock
The Number Of The Beast,Iron Maiden,MPEG audio file,Live At Donington 1992 (Disc 1),Rock
Shakes and Ladders,Men At Work,MPEG audio file,The Best Of Men At Work,Rock
The Clansman,Iron Maiden,MPEG audio file,Virtual XI,Rock
Evidence,Faith No More,MPEG audio file,King For A Day Fool For A Lifetime,Rock
The Educated Fool,Iron Maiden,MPEG audio file,Virtual XI,Rock
Speed King,Deep Purple,MPEG audio file,Deep Purple In Rock,Rock
When Two Worlds Collide,Iron Maiden,MPEG audio file,Virtual XI,Rock
The Fugitive,Iron Maiden,MPEG audio file,Fear Of The Dark,Rock
Communication Breakdown(3),Led Zeppelin,MPEG audio file,BBC Sessions [Disc 1] [Live],Rock
Something In The Way,Nirvana,MPEG audio file,Nevermind,Rock
Going Down / Highway Star,Deep Purple,MPEG audio file,The Final Concerts (Disc 2),Rock
Get On Top,Red Hot Chili Peppers,MPEG audio file,Californication,Rock
No Quarter,Led Zeppelin,MPEG audio file,Houses Of The Holy,Rock
Smells Like Teen Spirit,Nirvana,MPEG audio file,From The Muddy Banks Of The Wishkah [Live],Rock
Let's Spend The Night Together,The Rolling Stones,MPEG audio file,"Hot Rocks, 1964-1971 (Disc 1)",Rock
Play With Fire,The Rolling Stones,MPEG audio file,"Hot Rocks, 1964-1971 (Disc 1)",Rock
One Vision,Queen,MPEG audio file,Greatest Hits II,Rock
Up Around The Bend,Creedence Clearwater Revival,MPEG audio file,"Chronicle, Vol. 1",Rock
The Three Sunrises,U2,MPEG audio file,B-Sides 1980-1990,Rock
Walk On Water,Aerosmith,MPEG audio file,Big Ones,Rock
Fall To Pieces,Velvet Revolver,MPEG audio file,Contraband,Rock
Highway Star,Deep Purple,MPEG audio file,Machine Head,Rock
Flower,Soundgarden,MPEG audio file,A-Sides,Rock
The Fallen Angel,Iron Maiden,MPEG audio file,Brave New World,Rock
The Nomad,Iron Maiden,MPEG audio file,Brave New World,Rock
Sweetest Thing,U2,MPEG audio file,The Best Of 1980-1990,Rock
Royal Orleans,Led Zeppelin,MPEG audio file,Presence,Rock
Let's See Action,The Who,MPEG audio file,My Generation - The Very Best Of The Who,Rock
Corinna,The Rolling Stones,MPEG audio file,No Security,Rock
Pseudo Silk Kimono,Marillion,MPEG audio file,Misplaced Childhood,Rock
Space Trucking,Deep Purple,MPEG audio file,Knocking at Your Back Door: The Best Of Deep Purple in the 80's,Rock
Killers,Paul D'Ianno,MPEG audio file,The Beast Live,Rock
Lookin' For A Reason,Creedence Clearwater Revival,MPEG audio file,"Chronicle, Vol. 2",Rock
Dealer,Deep Purple,MPEG audio file,Come Taste The Band,Rock
Phantom Of The Opera,Paul D'Ianno,MPEG audio file,The Beast Live,Rock
Moby Dick,Led Zeppelin,MPEG audio file,Led Zeppelin II,Rock
Strange Kind Of Woman,Deep Purple,MPEG audio file,Fireball,Rock
The Clansman,Iron Maiden,MPEG audio file,Rock In Rio [CD2],Rock
Thru And Thru,The Rolling Stones,MPEG audio file,Voodoo Lounge,Rock
Garden of Eden,Guns' Roses,Protected AAC audio file,Use Your Illusion I,Rock
Whole Lotta Rosie,AC/DC,MPEG audio file,Let There Be Rock,Rock
Hooked Up,Jamiroquai,MPEG audio file,Emergency On Planet Earth,Rock
Desire,U2,MPEG audio file,The Best Of 1980-1990,Rock
Wicked Garden,Stone Temple Pilots,MPEG audio file,Core,Rock
For Your Babies,Lenny Kravitz,MPEG audio file,Greatest Hits,Rock
All My Love,Led Zeppelin,MPEG audio file,In Through The Out Door,Rock
Purple Haze,Jimi Hendrix,MPEG audio file,Are You Experienced?,Rock
Light My Fire,The Doors,MPEG audio file,The Doors,Rock
Go Down,AC/DC,MPEG audio file,Let There Be Rock,Rock
Little Guitars (Intro),Van Halen,MPEG audio file,Diver Down,Rock
What If I Do?,Foo Fighters,MPEG audio file,In Your Honor [Disc 2],Rock
Proud Mary,Creedence Clearwater Revival,MPEG audio file,"Chronicle, Vol. 1",Rock
The Gypsy,Deep Purple,MPEG audio file,Stormbringer,Rock
The Last Song,Foo Fighters,MPEG audio file,In Your Honor [Disc 1],Rock
Cucamonga,Frank Zappa & Captain Beefheart,MPEG audio file,Bongo Fury,Rock
Territorial Pissings,Nirvana,MPEG audio file,Nevermind,Rock
Sister Morphine,The Rolling Stones,MPEG audio file,No Security,Rock
I Can't Explain,Scorpions,Protected AAC audio file,20th Century Masters - The Millennium Collection: The Best of Scorpions,Rock
A New Flame,Lenny Kravitz,MPEG audio file,Greatest Hits,Rock
We Die Young,Alice In Chains,MPEG audio file,Facelift,Rock
Little Guitars,Van Halen,MPEG audio file,Diver Down,Rock
How Many More Times,Led Zeppelin,MPEG audio file,Led Zeppelin I,Rock
It's Just A Thought,Creedence Clearwater Revival,MPEG audio file,"Chronicle, Vol. 2",Rock
Freedom For My People,U2,MPEG audio file,Rattle And Hum,Rock
Heart-Shaped Box,Nirvana,MPEG audio file,From The Muddy Banks Of The Wishkah [Live],Rock
Squeeze Box,The Who,MPEG audio file,My Generation - The Very Best Of The Who,Rock
Blood On The World's Hands,Iron Maiden,MPEG audio file,The X Factor,Rock
This Time Around / Owed to 'G' [Instrumental],Deep Purple,MPEG audio file,Come Taste The Band,Rock
I'm Going Slightly Mad,Queen,MPEG audio file,Greatest Hits II,Rock
And the Cradle Will Rock...,Van Halen,MPEG audio file,"The Best Of Van Halen, Vol. I",Rock
Another Round,Foo Fighters,MPEG audio file,In Your Honor [Disc 2],Rock
Plaster Caster,Kiss,MPEG audio file,Greatest Kiss,Rock
One Step Closer,U2,MPEG audio file,How To Dismantle An Atomic Bomb,Rock
Everlasting Love,U2,MPEG audio file,B-Sides 1980-1990,Rock
We've Got To Get Together/Jingo,Santana,MPEG audio file,Santana Live,Rock
Even Flow,Pearl Jam,MPEG audio file,Live On Two Legs [Live],Rock
Josephina,Van Halen,MPEG audio file,Van Halen III,Rock
Walk On,U2,MPEG audio file,All That You Can't Leave Behind,Rock
Friends Will Be Friends,Queen,MPEG audio file,Greatest Hits II,Rock
Molina,Creedence Clearwater Revival,MPEG audio file,"Chronicle, Vol. 2",Rock
Acrobat,U2,MPEG audio file,Achtung Baby,Rock
Be Good Johnny,Men At Work,MPEG audio file,The Best Of Men At Work,Rock
Little Dreamer,Van Halen,MPEG audio file,Van Halen,Rock
Ghost,Pearl Jam,MPEG audio file,Riot Act,Rock
All Along The Watchtower,U2,MPEG audio file,Rattle And Hum,Rock
Emergency On Planet Earth,Jamiroquai,MPEG audio file,Emergency On Planet Earth,Rock
Rock And Roll All Nite,Kiss,MPEG audio file,Unplugged [Live],Rock
Vavoom : Ted The Mechanic,Deep Purple,MPEG audio file,Purpendicular,Rock
I Guess You're Right,The Posies,AAC audio file,Every Kind of Light,Rock
Iron Maiden,Iron Maiden,MPEG audio file,Live At Donington 1992 (Disc 2),Rock
Going To California,Led Zeppelin,MPEG audio file,BBC Sessions [Disc 2] [Live],Rock
Monkey Wrench,Foo Fighters,MPEG audio file,The Colour And The Shape,Rock
Fortuneteller,Deep Purple,MPEG audio file,Slaves And Masters,Rock
Where The Streets Have No Name,U2,MPEG audio file,The Best Of 1980-1990,Rock
Been A Son,Nirvana,MPEG audio file,From The Muddy Banks Of The Wishkah [Live],Rock
Don't Lie To Me,David Coverdale,MPEG audio file,Into The Light,Rock
Childhoods End?,Marillion,MPEG audio file,Misplaced Childhood,Rock
The Refugee,U2,MPEG audio file,War,Rock
Love Or Confusion,Jimi Hendrix,MPEG audio file,Are You Experienced?,Rock
Eruption,Van Halen,MPEG audio file,"The Best Of Van Halen, Vol. I",Rock
Right Now,Van Halen,MPEG audio file,"The Best Of Van Halen, Vol. I",Rock
Black Country Woman,Led Zeppelin,MPEG audio file,Physical Graffiti [Disc 2],Rock
Bad Moon Rising,Creedence Clearwater Revival,MPEG audio file,"Chronicle, Vol. 1",Rock
Houses Of The Holy,Led Zeppelin,MPEG audio file,Physical Graffiti [Disc 1],Rock
Polly,Nirvana,MPEG audio file,From The Muddy Banks Of The Wishkah [Live],Rock
The Other Side,Aerosmith,MPEG audio file,Big Ones,Rock
I Want It All,Queen,MPEG audio file,Greatest Hits II,Rock
Mundaréu,O Terço,MPEG audio file,Compositores,Rock
Darlene,Led Zeppelin,MPEG audio file,Coda,Rock
Dude (Looks Like A Lady),Aerosmith,MPEG audio file,Big Ones,Rock
The Witch,The Cult,MPEG audio file,"Pure Cult: The Best Of The Cult (For Rockers, Ravers, Lovers & Sinners) [UK]",Rock
Won't Get Fooled Again (Full Length Version),The Who,MPEG audio file,My Generation - The Very Best Of The Who,Rock
When You Gonna Learn (Digeridoo),Jamiroquai,MPEG audio file,Emergency On Planet Earth,Rock
Everlong,Foo Fighters,MPEG audio file,The Colour And The Shape,Rock
Evil Ways,Santana,MPEG audio file,Santana Live,Rock
The Show Must Go On,Queen,MPEG audio file,Greatest Hits II,Rock
Walking After You,Foo Fighters,MPEG audio file,The Colour And The Shape,Rock
The Thin Line Between Love & Hate,Iron Maiden,MPEG audio file,Brave New World,Rock
If You Don't Know Me By Now,Lenny Kravitz,MPEG audio file,Greatest Hits,Rock
Sweet Soul Sister,The Cult,MPEG audio file,"Pure Cult: The Best Of The Cult (For Rockers, Ravers, Lovers & Sinners) [UK]",Rock
In A Little While,U2,MPEG audio file,All That You Can't Leave Behind,Rock
Gimmie Shelters,The Rolling Stones,MPEG audio file,No Security,Rock
How The West Was Won And Where It Got Us,R.E.M.,MPEG audio file,New Adventures In Hi-Fi,Rock
Happy Jack,The Who,MPEG audio file,My Generation - The Very Best Of The Who,Rock
Helter Skelter,U2,MPEG audio file,Rattle And Hum,Rock
Hots On For Nowhere,Led Zeppelin,MPEG audio file,Presence,Rock
Once,Van Halen,MPEG audio file,Van Halen III,Rock
Nightrain,Guns' Roses,Protected AAC audio file,Appetite for Destruction,Rock
Negative Creep,Nirvana,MPEG audio file,From The Muddy Banks Of The Wishkah [Live],Rock
